timestamp,gt_uref_raw,dataset_name,label,iref,tref,ohref,i_range_low,i_range_high,t_range_low,t_range_high,oh_range_low,oh_range_high
2023-07-16 15:59:00,1.732223391532898,G6M2,g6m2_mid_load,1.0,58.0,33.0,0.98,1.02,57,60,7,142
2023-07-23 15:00:00,1.7453383207321167,G6M2,g6m2_mid_load,1.0,58.0,33.0,0.98,1.02,57,60,7,142
2023-09-24 13:00:00,1.7482550144195557,G6M2,g6m2_mid_load,1.0,58.0,33.0,0.98,1.02,57,60,7,142
2023-09-24 13:01:00,1.7486482858657837,G6M2,g6m2_mid_load,1.0,58.0,33.0,0.98,1.02,57,60,7,142
2023-09-24 13:02:00,1.7489817142486572,G6M2,g6m2_mid_load,1.0,58.0,33.0,0.98,1.02,57,60,7,142
2023-09-24 13:03:00,1.749388337135315,G6M2,g6m2_mid_load,1.0,58.0,33.0,0.98,1.02,57,60,7,142
2023-09-24 13:04:00,1.7500183582305908,G6M2,g6m2_mid_load,1.0,58.0,33.0,0.98,1.02,57,60,7,142
2023-09-24 13:05:00,1.7506517171859741,G6M2,g6m2_mid_load,1.0,58.0,33.0,0.98,1.02,57,60,7,142
2023-09-24 13:06:00,1.7496166229248047,G6M2,g6m2_mid_load,1.0,58.0,33.0,0.98,1.02,57,60,7,142
2023-09-24 13:07:00,1.7508783340454102,G6M2,g6m2_mid_load,1.0,58.0,33.0,0.98,1.02,57,60,7,142
2023-09-24 13:08:00,1.7504750490188599,G6M2,g6m2_mid_load,1.0,58.0,33.0,0.98,1.02,57,60,7,142
2023-09-24 13:09:00,1.7505199909210205,G6M2,g6m2_mid_load,1.0,58.0,33.0,0.98,1.02,57,60,7,142
2023-09-24 13:10:00,1.751063346862793,G6M2,g6m2_mid_load,1.0,58.0,33.0,0.98,1.02,57,60,7,142
2023-09-24 13:11:00,1.7506933212280273,G6M2,g6m2_mid_load,1.0,58.0,33.0,0.98,1.02,57,60,7,142
2023-09-24 13:12:00,1.7509249448776245,G6M2,g6m2_mid_load,1.0,58.0,33.0,0.98,1.02,57,60,7,142
2023-09-24 13:13:00,1.7499866485595703,G6M2,g6m2_mid_load,1.0,58.0,33.0,0.98,1.02,57,60,7,142
2023-09-24 13:14:00,1.7499682903289795,G6M2,g6m2_mid_load,1.0,58.0,33.0,0.98,1.02,57,60,7,142
2023-09-24 13:15:00,1.7499783039093018,G6M2,g6m2_mid_load,1.0,58.0,33.0,0.98,1.02,57,60,7,142
2023-09-24 13:16:00,1.750309944152832,G6M2,g6m2_mid_load,1.0,58.0,33.0,0.98,1.02,57,60,7,142
2023-09-24 13:17:00,1.750226616859436,G6M2,g6m2_mid_load,1.0,58.0,33.0,0.98,1.02,57,60,7,142
2023-09-24 13:18:00,1.7497166395187378,G6M2,g6m2_mid_load,1.0,58.0,33.0,0.98,1.02,57,60,7,142
2023-09-24 13:19:00,1.7506133317947388,G6M2,g6m2_mid_load,1.0,58.0,33.0,0.98,1.02,57,60,7,142
2023-09-24 13:20:00,1.750838279724121,G6M2,g6m2_mid_load,1.0,58.0,33.0,0.98,1.02,57,60,7,142
2023-09-24 13:21:00,1.7493683099746704,G6M2,g6m2_mid_load,1.0,58.0,33.0,0.98,1.02,57,60,7,142
2023-09-24 13:22:00,1.7498316764831543,G6M2,g6m2_mid_load,1.0,58.0,33.0,0.98,1.02,57,60,7,142
2023-09-24 13:23:00,1.7498316764831543,G6M2,g6m2_mid_load,1.0,58.0,33.0,0.98,1.02,57,60,7,142
2023-09-24 13:24:00,1.7497566938400269,G6M2,g6m2_mid_load,1.0,58.0,33.0,0.98,1.02,57,60,7,142
2023-09-24 13:25:00,1.750825047492981,G6M2,g6m2_mid_load,1.0,58.0,33.0,0.98,1.02,57,60,7,142
2023-09-24 13:26:00,1.749559998512268,G6M2,g6m2_mid_load,1.0,58.0,33.0,0.98,1.02,57,60,7,142
2023-09-24 13:27:00,1.7499682903289795,G6M2,g6m2_mid_load,1.0,58.0,33.0,0.98,1.02,57,60,7,142
2023-09-24 13:28:00,1.7510216236114502,G6M2,g6m2_mid_load,1.0,58.0,33.0,0.98,1.02,57,60,7,142
2023-09-24 13:29:00,1.7509533166885376,G6M2,g6m2_mid_load,1.0,58.0,33.0,0.98,1.02,57,60,7,142
2023-09-24 13:30:00,1.7512133121490479,G6M2,g6m2_mid_load,1.0,58.0,33.0,0.98,1.02,57,60,7,142
2023-09-24 13:31:00,1.7501283884048462,G6M2,g6m2_mid_load,1.0,58.0,33.0,0.98,1.02,57,60,7,142
2023-09-24 13:32:00,1.751876711845398,G6M2,g6m2_mid_load,1.0,58.0,33.0,0.98,1.02,57,60,7,142
2023-09-24 13:33:00,1.7521166801452637,G6M2,g6m2_mid_load,1.0,58.0,33.0,0.98,1.02,57,60,7,142
2023-09-24 13:34:00,1.7510650157928467,G6M2,g6m2_mid_load,1.0,58.0,33.0,0.98,1.02,57,60,7,142
2023-09-24 13:35:00,1.7509232759475708,G6M2,g6m2_mid_load,1.0,58.0,33.0,0.98,1.02,57,60,7,142
2023-09-24 13:36:00,1.7488700151443481,G6M2,g6m2_mid_load,1.0,58.0,33.0,0.98,1.02,57,60,7,142
2023-09-24 13:37:00,1.749459981918335,G6M2,g6m2_mid_load,1.0,58.0,33.0,0.98,1.02,57,60,7,142
2023-09-24 13:38:00,1.7497849464416504,G6M2,g6m2_mid_load,1.0,58.0,33.0,0.98,1.02,57,60,7,142
2023-09-24 13:39:00,1.7490516901016235,G6M2,g6m2_mid_load,1.0,58.0,33.0,0.98,1.02,57,60,7,142
2023-09-24 13:40:00,1.749821662902832,G6M2,g6m2_mid_load,1.0,58.0,33.0,0.98,1.02,57,60,7,142
2023-09-24 13:41:00,1.7502716779708862,G6M2,g6m2_mid_load,1.0,58.0,33.0,0.98,1.02,57,60,7,142
2023-09-24 13:42:00,1.750309944152832,G6M2,g6m2_mid_load,1.0,58.0,33.0,0.98,1.02,57,60,7,142
2023-09-24 13:43:00,1.7506533861160278,G6M2,g6m2_mid_load,1.0,58.0,33.0,0.98,1.02,57,60,7,142
2023-09-24 13:44:00,1.7508950233459473,G6M2,g6m2_mid_load,1.0,58.0,33.0,0.98,1.02,57,60,7,142
2023-09-24 13:45:00,1.7515449523925781,G6M2,g6m2_mid_load,1.0,58.0,33.0,0.98,1.02,57,60,7,142
2023-09-24 13:46:00,1.7511183023452759,G6M2,g6m2_mid_load,1.0,58.0,33.0,0.98,1.02,57,60,7,142
2023-09-24 13:47:00,1.7513600587844849,G6M2,g6m2_mid_load,1.0,58.0,33.0,0.98,1.02,57,60,7,142
2023-09-24 13:48:00,1.7513383626937866,G6M2,g6m2_mid_load,1.0,58.0,33.0,0.98,1.02,57,60,7,142
2023-09-24 13:49:00,1.751206636428833,G6M2,g6m2_mid_load,1.0,58.0,33.0,0.98,1.02,57,60,7,142
2023-09-24 13:50:00,1.7514100074768066,G6M2,g6m2_mid_load,1.0,58.0,33.0,0.98,1.02,57,60,7,142
2023-09-24 13:51:00,1.7508666515350342,G6M2,g6m2_mid_load,1.0,58.0,33.0,0.98,1.02,57,60,7,142
2023-09-24 13:52:00,1.7507150173187256,G6M2,g6m2_mid_load,1.0,58.0,33.0,0.98,1.02,57,60,7,142
2023-09-24 13:53:00,1.7525233030319214,G6M2,g6m2_mid_load,1.0,58.0,33.0,0.98,1.02,57,60,7,142
2023-09-24 13:54:00,1.751786708831787,G6M2,g6m2_mid_load,1.0,58.0,33.0,0.98,1.02,57,60,7,142
2023-09-24 13:55:00,1.7516316175460815,G6M2,g6m2_mid_load,1.0,58.0,33.0,0.98,1.02,57,60,7,142
2023-09-24 13:56:00,1.7506883144378662,G6M2,g6m2_mid_load,1.0,58.0,33.0,0.98,1.02,57,60,7,142
2023-09-24 13:57:00,1.7508599758148193,G6M2,g6m2_mid_load,1.0,58.0,33.0,0.98,1.02,57,60,7,142
2023-09-24 13:58:00,1.7510017156600952,G6M2,g6m2_mid_load,1.0,58.0,33.0,0.98,1.02,57,60,7,142
2023-09-24 13:59:00,1.7504899501800537,G6M2,g6m2_mid_load,1.0,58.0,33.0,0.98,1.02,57,60,7,142
2023-09-24 14:00:00,1.7500866651535034,G6M2,g6m2_mid_load,1.0,58.0,33.0,0.98,1.02,57,60,7,142
2023-09-24 14:01:00,1.7500900030136108,G6M2,g6m2_mid_load,1.0,58.0,33.0,0.98,1.02,57,60,7,142
2023-09-24 14:02:00,1.7507050037384033,G6M2,g6m2_mid_load,1.0,58.0,33.0,0.98,1.02,57,60,7,142
2023-09-24 14:03:00,1.7505216598510742,G6M2,g6m2_mid_load,1.0,58.0,33.0,0.98,1.02,57,60,7,142
2023-09-24 14:04:00,1.750944972038269,G6M2,g6m2_mid_load,1.0,58.0,33.0,0.98,1.02,57,60,7,142
2023-09-24 14:05:00,1.7510000467300415,G6M2,g6m2_mid_load,1.0,58.0,33.0,0.98,1.02,57,60,7,142
2023-09-24 14:06:00,1.7508749961853027,G6M2,g6m2_mid_load,1.0,58.0,33.0,0.98,1.02,57,60,7,142
2023-09-24 14:07:00,1.751448392868042,G6M2,g6m2_mid_load,1.0,58.0,33.0,0.98,1.02,57,60,7,142
2023-09-24 14:08:00,1.7518999576568604,G6M2,g6m2_mid_load,1.0,58.0,33.0,0.98,1.02,57,60,7,142
2023-09-24 14:09:00,1.7518800497055054,G6M2,g6m2_mid_load,1.0,58.0,33.0,0.98,1.02,57,60,7,142
2023-09-24 14:10:00,1.7516666650772095,G6M2,g6m2_mid_load,1.0,58.0,33.0,0.98,1.02,57,60,7,142
2023-09-24 14:11:00,1.7520049810409546,G6M2,g6m2_mid_load,1.0,58.0,33.0,0.98,1.02,57,60,7,142
2023-09-24 14:12:00,1.751829981803894,G6M2,g6m2_mid_load,1.0,58.0,33.0,0.98,1.02,57,60,7,142
2023-09-24 14:13:00,1.7514233589172363,G6M2,g6m2_mid_load,1.0,58.0,33.0,0.98,1.02,57,60,7,142
2023-09-24 18:00:00,1.7614799737930298,G6M2,g6m2_mid_load,1.0,58.0,33.0,0.98,1.02,57,60,7,142
2023-09-24 18:01:00,1.7608866691589355,G6M2,g6m2_mid_load,1.0,58.0,33.0,0.98,1.02,57,60,7,142
2023-09-24 18:02:00,1.7611316442489624,G6M2,g6m2_mid_load,1.0,58.0,33.0,0.98,1.02,57,60,7,142
2023-09-24 18:03:00,1.7586383819580078,G6M2,g6m2_mid_load,1.0,58.0,33.0,0.98,1.02,57,60,7,142
2023-09-24 18:04:00,1.7587532997131348,G6M2,g6m2_mid_load,1.0,58.0,33.0,0.98,1.02,57,60,7,142
2023-09-24 18:05:00,1.7555099725723267,G6M2,g6m2_mid_load,1.0,58.0,33.0,0.98,1.02,57,60,7,142
2023-09-24 18:06:00,1.7553999423980713,G6M2,g6m2_mid_load,1.0,58.0,33.0,0.98,1.02,57,60,7,142
2023-09-24 18:07:00,1.755246639251709,G6M2,g6m2_mid_load,1.0,58.0,33.0,0.98,1.02,57,60,7,142
2023-09-24 18:08:00,1.754968285560608,G6M2,g6m2_mid_load,1.0,58.0,33.0,0.98,1.02,57,60,7,142
2023-09-24 18:09:00,1.7535916566848755,G6M2,g6m2_mid_load,1.0,58.0,33.0,0.98,1.02,57,60,7,142
2023-09-24 18:10:00,1.754675030708313,G6M2,g6m2_mid_load,1.0,58.0,33.0,0.98,1.02,57,60,7,142
2023-09-24 18:11:00,1.7531616687774658,G6M2,g6m2_mid_load,1.0,58.0,33.0,0.98,1.02,57,60,7,142
2023-09-24 18:12:00,1.7540433406829834,G6M2,g6m2_mid_load,1.0,58.0,33.0,0.98,1.02,57,60,7,142
2023-09-24 18:13:00,1.754128336906433,G6M2,g6m2_mid_load,1.0,58.0,33.0,0.98,1.02,57,60,7,142
2023-09-24 18:14:00,1.7548617124557495,G6M2,g6m2_mid_load,1.0,58.0,33.0,0.98,1.02,57,60,7,142
2023-09-24 18:15:00,1.7542016506195068,G6M2,g6m2_mid_load,1.0,58.0,33.0,0.98,1.02,57,60,7,142
2023-09-24 18:16:00,1.7550417184829712,G6M2,g6m2_mid_load,1.0,58.0,33.0,0.98,1.02,57,60,7,142
2023-09-24 18:17:00,1.7552067041397095,G6M2,g6m2_mid_load,1.0,58.0,33.0,0.98,1.02,57,60,7,142
2023-09-24 18:18:00,1.7558367252349854,G6M2,g6m2_mid_load,1.0,58.0,33.0,0.98,1.02,57,60,7,142
2023-09-24 18:19:00,1.7555650472640991,G6M2,g6m2_mid_load,1.0,58.0,33.0,0.98,1.02,57,60,7,142
2023-09-24 18:20:00,1.7578383684158325,G6M2,g6m2_mid_load,1.0,58.0,33.0,0.98,1.02,57,60,7,142
2023-09-24 18:21:00,1.756404995918274,G6M2,g6m2_mid_load,1.0,58.0,33.0,0.98,1.02,57,60,7,142
2023-09-24 18:22:00,1.7552533149719238,G6M2,g6m2_mid_load,1.0,58.0,33.0,0.98,1.02,57,60,7,142
2023-09-24 18:23:00,1.7545766830444336,G6M2,g6m2_mid_load,1.0,58.0,33.0,0.98,1.02,57,60,7,142
2023-09-24 18:24:00,1.7545733451843262,G6M2,g6m2_mid_load,1.0,58.0,33.0,0.98,1.02,57,60,7,142
2023-09-24 18:25:00,1.7549450397491455,G6M2,g6m2_mid_load,1.0,58.0,33.0,0.98,1.02,57,60,7,142
2023-09-24 18:26:00,1.754711627960205,G6M2,g6m2_mid_load,1.0,58.0,33.0,0.98,1.02,57,60,7,142
2023-09-24 18:27:00,1.754628300666809,G6M2,g6m2_mid_load,1.0,58.0,33.0,0.98,1.02,57,60,7,142
2023-09-24 18:28:00,1.754611611366272,G6M2,g6m2_mid_load,1.0,58.0,33.0,0.98,1.02,57,60,7,142
2023-09-24 18:29:00,1.7545716762542725,G6M2,g6m2_mid_load,1.0,58.0,33.0,0.98,1.02,57,60,7,142
2023-09-24 18:30:00,1.7532767057418823,G6M2,g6m2_mid_load,1.0,58.0,33.0,0.98,1.02,57,60,7,142
2023-09-24 18:31:00,1.7551167011260986,G6M2,g6m2_mid_load,1.0,58.0,33.0,0.98,1.02,57,60,7,142
2023-09-24 18:32:00,1.7547149658203125,G6M2,g6m2_mid_load,1.0,58.0,33.0,0.98,1.02,57,60,7,142
2023-09-24 18:33:00,1.7544183731079102,G6M2,g6m2_mid_load,1.0,58.0,33.0,0.98,1.02,57,60,7,142
2023-09-24 18:34:00,1.7538199424743652,G6M2,g6m2_mid_load,1.0,58.0,33.0,0.98,1.02,57,60,7,142
2023-09-24 18:35:00,1.7542150020599365,G6M2,g6m2_mid_load,1.0,58.0,33.0,0.98,1.02,57,60,7,142
2023-09-24 18:36:00,1.7549266815185547,G6M2,g6m2_mid_load,1.0,58.0,33.0,0.98,1.02,57,60,7,142
2023-09-24 18:37:00,1.7550482749938965,G6M2,g6m2_mid_load,1.0,58.0,33.0,0.98,1.02,57,60,7,142
2023-09-24 18:38:00,1.7553750276565552,G6M2,g6m2_mid_load,1.0,58.0,33.0,0.98,1.02,57,60,7,142
2023-09-24 18:39:00,1.7554500102996826,G6M2,g6m2_mid_load,1.0,58.0,33.0,0.98,1.02,57,60,7,142
2023-09-24 18:40:00,1.7540132999420166,G6M2,g6m2_mid_load,1.0,58.0,33.0,0.98,1.02,57,60,7,142
2023-09-24 18:41:00,1.7557233572006226,G6M2,g6m2_mid_load,1.0,58.0,33.0,0.98,1.02,57,60,7,142
2023-09-24 18:42:00,1.755508303642273,G6M2,g6m2_mid_load,1.0,58.0,33.0,0.98,1.02,57,60,7,142
2023-09-24 18:43:00,1.7559483051300049,G6M2,g6m2_mid_load,1.0,58.0,33.0,0.98,1.02,57,60,7,142
2023-09-24 18:44:00,1.754948377609253,G6M2,g6m2_mid_load,1.0,58.0,33.0,0.98,1.02,57,60,7,142
2023-09-24 18:45:00,1.7551066875457764,G6M2,g6m2_mid_load,1.0,58.0,33.0,0.98,1.02,57,60,7,142
2023-09-24 18:46:00,1.7546249628067017,G6M2,g6m2_mid_load,1.0,58.0,33.0,0.98,1.02,57,60,7,142
2023-09-24 18:47:00,1.7545816898345947,G6M2,g6m2_mid_load,1.0,58.0,33.0,0.98,1.02,57,60,7,142
2023-09-24 18:48:00,1.754123330116272,G6M2,g6m2_mid_load,1.0,58.0,33.0,0.98,1.02,57,60,7,142
2023-09-24 18:49:00,1.7543632984161377,G6M2,g6m2_mid_load,1.0,58.0,33.0,0.98,1.02,57,60,7,142
2023-09-24 18:50:00,1.7543566226959229,G6M2,g6m2_mid_load,1.0,58.0,33.0,0.98,1.02,57,60,7,142
2023-09-24 18:51:00,1.7538833618164062,G6M2,g6m2_mid_load,1.0,58.0,33.0,0.98,1.02,57,60,7,142
2023-09-24 18:52:00,1.754461646080017,G6M2,g6m2_mid_load,1.0,58.0,33.0,0.98,1.02,57,60,7,142
2023-09-24 18:53:00,1.7547849416732788,G6M2,g6m2_mid_load,1.0,58.0,33.0,0.98,1.02,57,60,7,142
2023-09-24 18:54:00,1.7554982900619507,G6M2,g6m2_mid_load,1.0,58.0,33.0,0.98,1.02,57,60,7,142
2023-09-24 18:55:00,1.7553333044052124,G6M2,g6m2_mid_load,1.0,58.0,33.0,0.98,1.02,57,60,7,142
2023-09-24 18:56:00,1.7554916143417358,G6M2,g6m2_mid_load,1.0,58.0,33.0,0.98,1.02,57,60,7,142
2023-09-24 18:57:00,1.755424976348877,G6M2,g6m2_mid_load,1.0,58.0,33.0,0.98,1.02,57,60,7,142
2023-09-24 18:58:00,1.7547916173934937,G6M2,g6m2_mid_load,1.0,58.0,33.0,0.98,1.02,57,60,7,142
2023-09-24 18:59:00,1.7553149461746216,G6M2,g6m2_mid_load,1.0,58.0,33.0,0.98,1.02,57,60,7,142
2023-09-24 19:00:00,1.7549149990081787,G6M2,g6m2_mid_load,1.0,58.0,33.0,0.98,1.02,57,60,7,142
2023-09-24 19:01:00,1.7546982765197754,G6M2,g6m2_mid_load,1.0,58.0,33.0,0.98,1.02,57,60,7,142
2023-09-24 19:02:00,1.7546716928482056,G6M2,g6m2_mid_load,1.0,58.0,33.0,0.98,1.02,57,60,7,142
2023-09-24 19:03:00,1.7542599439620972,G6M2,g6m2_mid_load,1.0,58.0,33.0,0.98,1.02,57,60,7,142
2023-09-24 19:04:00,1.7540132999420166,G6M2,g6m2_mid_load,1.0,58.0,33.0,0.98,1.02,57,60,7,142
2023-09-24 19:05:00,1.7540583610534668,G6M2,g6m2_mid_load,1.0,58.0,33.0,0.98,1.02,57,60,7,142
2023-09-24 19:06:00,1.7543749809265137,G6M2,g6m2_mid_load,1.0,58.0,33.0,0.98,1.02,57,60,7,142
2023-09-24 19:07:00,1.7549699544906616,G6M2,g6m2_mid_load,1.0,58.0,33.0,0.98,1.02,57,60,7,142
2023-09-24 19:08:00,1.7538150548934937,G6M2,g6m2_mid_load,1.0,58.0,33.0,0.98,1.02,57,60,7,142
2023-09-24 19:09:00,1.7546000480651855,G6M2,g6m2_mid_load,1.0,58.0,33.0,0.98,1.02,57,60,7,142
2023-09-24 19:10:00,1.7551466226577759,G6M2,g6m2_mid_load,1.0,58.0,33.0,0.98,1.02,57,60,7,142
2023-09-24 19:11:00,1.7552067041397095,G6M2,g6m2_mid_load,1.0,58.0,33.0,0.98,1.02,57,60,7,142
2023-09-24 19:12:00,1.7555700540542603,G6M2,g6m2_mid_load,1.0,58.0,33.0,0.98,1.02,57,60,7,142
2023-09-24 19:13:00,1.7555066347122192,G6M2,g6m2_mid_load,1.0,58.0,33.0,0.98,1.02,57,60,7,142
2023-09-28 06:29:00,1.7392816543579102,G6M2,g6m2_mid_load,1.0,58.0,33.0,0.98,1.02,57,60,7,142
2023-10-03 18:14:00,1.7488933801651,G6M2,g6m2_mid_load,1.0,58.0,33.0,0.98,1.02,57,60,7,142
2023-10-03 18:15:00,1.7460583448410034,G6M2,g6m2_mid_load,1.0,58.0,33.0,0.98,1.02,57,60,7,142
2024-04-01 14:30:00,1.775718331336975,G6M2,g6m2_mid_load,1.0,58.0,33.0,0.98,1.02,57,60,7,142
2024-04-01 14:31:00,1.7775616645812988,G6M2,g6m2_mid_load,1.0,58.0,33.0,0.98,1.02,57,60,7,142
2024-04-01 14:32:00,1.7763583660125732,G6M2,g6m2_mid_load,1.0,58.0,33.0,0.98,1.02,57,60,7,142
2024-04-01 14:33:00,1.7766449451446533,G6M2,g6m2_mid_load,1.0,58.0,33.0,0.98,1.02,57,60,7,142
2024-04-01 14:34:00,1.778166651725769,G6M2,g6m2_mid_load,1.0,58.0,33.0,0.98,1.02,57,60,7,142
2024-04-01 14:35:00,1.7780400514602661,G6M2,g6m2_mid_load,1.0,58.0,33.0,0.98,1.02,57,60,7,142
2024-04-01 14:36:00,1.778138279914856,G6M2,g6m2_mid_load,1.0,58.0,33.0,0.98,1.02,57,60,7,142
2024-04-01 14:37:00,1.7787566184997559,G6M2,g6m2_mid_load,1.0,58.0,33.0,0.98,1.02,57,60,7,142
2024-04-01 14:38:00,1.7789299488067627,G6M2,g6m2_mid_load,1.0,58.0,33.0,0.98,1.02,57,60,7,142
2024-04-01 14:39:00,1.780163288116455,G6M2,g6m2_mid_load,1.0,58.0,33.0,0.98,1.02,57,60,7,142
2024-04-01 14:40:00,1.7785483598709106,G6M2,g6m2_mid_load,1.0,58.0,33.0,0.98,1.02,57,60,7,142
2024-04-01 14:41:00,1.7798700332641602,G6M2,g6m2_mid_load,1.0,58.0,33.0,0.98,1.02,57,60,7,142
2024-04-01 14:42:00,1.7789100408554077,G6M2,g6m2_mid_load,1.0,58.0,33.0,0.98,1.02,57,60,7,142
2024-04-01 14:43:00,1.7790383100509644,G6M2,g6m2_mid_load,1.0,58.0,33.0,0.98,1.02,57,60,7,142
2024-04-01 14:44:00,1.7788983583450317,G6M2,g6m2_mid_load,1.0,58.0,33.0,0.98,1.02,57,60,7,142
2024-04-01 14:45:00,1.7777433395385742,G6M2,g6m2_mid_load,1.0,58.0,33.0,0.98,1.02,57,60,7,142
2024-04-01 14:46:00,1.777821660041809,G6M2,g6m2_mid_load,1.0,58.0,33.0,0.98,1.02,57,60,7,142
2024-04-01 14:47:00,1.7780532836914062,G6M2,g6m2_mid_load,1.0,58.0,33.0,0.98,1.02,57,60,7,142
2024-04-01 14:48:00,1.778201699256897,G6M2,g6m2_mid_load,1.0,58.0,33.0,0.98,1.02,57,60,7,142
2024-04-01 14:49:00,1.779111623764038,G6M2,g6m2_mid_load,1.0,58.0,33.0,0.98,1.02,57,60,7,142
2024-04-01 14:50:00,1.7776949405670166,G6M2,g6m2_mid_load,1.0,58.0,33.0,0.98,1.02,57,60,7,142
2024-04-01 14:51:00,1.7790666818618774,G6M2,g6m2_mid_load,1.0,58.0,33.0,0.98,1.02,57,60,7,142
2024-04-01 14:52:00,1.7772183418273926,G6M2,g6m2_mid_load,1.0,58.0,33.0,0.98,1.02,57,60,7,142
2024-04-01 14:53:00,1.7799450159072876,G6M2,g6m2_mid_load,1.0,58.0,33.0,0.98,1.02,57,60,7,142
2024-04-01 14:54:00,1.7789167165756226,G6M2,g6m2_mid_load,1.0,58.0,33.0,0.98,1.02,57,60,7,142
2024-04-01 14:55:00,1.778143286705017,G6M2,g6m2_mid_load,1.0,58.0,33.0,0.98,1.02,57,60,7,142
2024-04-01 14:56:00,1.7786983251571655,G6M2,g6m2_mid_load,1.0,58.0,33.0,0.98,1.02,57,60,7,142
2024-04-01 14:57:00,1.777483344078064,G6M2,g6m2_mid_load,1.0,58.0,33.0,0.98,1.02,57,60,7,142
2024-04-01 14:58:00,1.7798383235931396,G6M2,g6m2_mid_load,1.0,58.0,33.0,0.98,1.02,57,60,7,142
2024-04-01 14:59:00,1.7795066833496094,G6M2,g6m2_mid_load,1.0,58.0,33.0,0.98,1.02,57,60,7,142
2024-04-01 15:00:00,1.779960036277771,G6M2,g6m2_mid_load,1.0,58.0,33.0,0.98,1.02,57,60,7,142
2024-04-01 15:01:00,1.7798166275024414,G6M2,g6m2_mid_load,1.0,58.0,33.0,0.98,1.02,57,60,7,142
2024-04-01 15:02:00,1.7798466682434082,G6M2,g6m2_mid_load,1.0,58.0,33.0,0.98,1.02,57,60,7,142
2024-04-01 15:03:00,1.7798550128936768,G6M2,g6m2_mid_load,1.0,58.0,33.0,0.98,1.02,57,60,7,142
2024-04-01 15:04:00,1.7799816131591797,G6M2,g6m2_mid_load,1.0,58.0,33.0,0.98,1.02,57,60,7,142
2024-04-01 15:05:00,1.7798550128936768,G6M2,g6m2_mid_load,1.0,58.0,33.0,0.98,1.02,57,60,7,142
2024-04-01 15:06:00,1.7799650430679321,G6M2,g6m2_mid_load,1.0,58.0,33.0,0.98,1.02,57,60,7,142
2024-04-01 15:07:00,1.7800649404525757,G6M2,g6m2_mid_load,1.0,58.0,33.0,0.98,1.02,57,60,7,142
2024-04-01 15:08:00,1.7790383100509644,G6M2,g6m2_mid_load,1.0,58.0,33.0,0.98,1.02,57,60,7,142
2024-04-01 15:09:00,1.7787283658981323,G6M2,g6m2_mid_load,1.0,58.0,33.0,0.98,1.02,57,60,7,142
2024-04-01 15:10:00,1.778908371925354,G6M2,g6m2_mid_load,1.0,58.0,33.0,0.98,1.02,57,60,7,142
2024-04-01 15:11:00,1.7774800062179565,G6M2,g6m2_mid_load,1.0,58.0,33.0,0.98,1.02,57,60,7,142
2024-04-01 15:12:00,1.7783433198928833,G6M2,g6m2_mid_load,1.0,58.0,33.0,0.98,1.02,57,60,7,142
2024-04-01 15:13:00,1.7789332866668701,G6M2,g6m2_mid_load,1.0,58.0,33.0,0.98,1.02,57,60,7,142
2024-04-01 15:14:00,1.778944969177246,G6M2,g6m2_mid_load,1.0,58.0,33.0,0.98,1.02,57,60,7,142
2024-04-01 15:15:00,1.7782800197601318,G6M2,g6m2_mid_load,1.0,58.0,33.0,0.98,1.02,57,60,7,142
2024-04-01 15:16:00,1.778813362121582,G6M2,g6m2_mid_load,1.0,58.0,33.0,0.98,1.02,57,60,7,142
2024-04-01 15:17:00,1.7790499925613403,G6M2,g6m2_mid_load,1.0,58.0,33.0,0.98,1.02,57,60,7,142
2024-04-01 15:18:00,1.7784266471862793,G6M2,g6m2_mid_load,1.0,58.0,33.0,0.98,1.02,57,60,7,142
2024-04-01 15:19:00,1.779301643371582,G6M2,g6m2_mid_load,1.0,58.0,33.0,0.98,1.02,57,60,7,142
2024-04-01 15:20:00,1.7800300121307373,G6M2,g6m2_mid_load,1.0,58.0,33.0,0.98,1.02,57,60,7,142
2024-04-01 15:21:00,1.779979944229126,G6M2,g6m2_mid_load,1.0,58.0,33.0,0.98,1.02,57,60,7,142
2024-04-01 15:22:00,1.7799233198165894,G6M2,g6m2_mid_load,1.0,58.0,33.0,0.98,1.02,57,60,7,142
2024-04-01 15:23:00,1.7793617248535156,G6M2,g6m2_mid_load,1.0,58.0,33.0,0.98,1.02,57,60,7,142
2024-04-01 15:24:00,1.7799016237258911,G6M2,g6m2_mid_load,1.0,58.0,33.0,0.98,1.02,57,60,7,142
2024-04-01 15:25:00,1.7788300514221191,G6M2,g6m2_mid_load,1.0,58.0,33.0,0.98,1.02,57,60,7,142
2024-04-01 15:26:00,1.7795666456222534,G6M2,g6m2_mid_load,1.0,58.0,33.0,0.98,1.02,57,60,7,142
2024-04-01 15:27:00,1.7796766757965088,G6M2,g6m2_mid_load,1.0,58.0,33.0,0.98,1.02,57,60,7,142
2024-04-01 15:28:00,1.7804867029190063,G6M2,g6m2_mid_load,1.0,58.0,33.0,0.98,1.02,57,60,7,142
2024-04-01 15:29:00,1.7784132957458496,G6M2,g6m2_mid_load,1.0,58.0,33.0,0.98,1.02,57,60,7,142
2024-04-01 15:30:00,1.7799932956695557,G6M2,g6m2_mid_load,1.0,58.0,33.0,0.98,1.02,57,60,7,142
2024-04-01 15:31:00,1.7803699970245361,G6M2,g6m2_mid_load,1.0,58.0,33.0,0.98,1.02,57,60,7,142
2024-04-01 15:32:00,1.780258297920227,G6M2,g6m2_mid_load,1.0,58.0,33.0,0.98,1.02,57,60,7,142
2024-04-01 15:33:00,1.7800732851028442,G6M2,g6m2_mid_load,1.0,58.0,33.0,0.98,1.02,57,60,7,142
2024-04-01 15:34:00,1.7798266410827637,G6M2,g6m2_mid_load,1.0,58.0,33.0,0.98,1.02,57,60,7,142
2024-04-01 15:35:00,1.7786016464233398,G6M2,g6m2_mid_load,1.0,58.0,33.0,0.98,1.02,57,60,7,142
2024-04-01 15:36:00,1.7790933847427368,G6M2,g6m2_mid_load,1.0,58.0,33.0,0.98,1.02,57,60,7,142
2024-04-01 15:37:00,1.7790149450302124,G6M2,g6m2_mid_load,1.0,58.0,33.0,0.98,1.02,57,60,7,142
2024-04-01 15:38:00,1.7795333862304688,G6M2,g6m2_mid_load,1.0,58.0,33.0,0.98,1.02,57,60,7,142
2024-04-01 15:39:00,1.7793517112731934,G6M2,g6m2_mid_load,1.0,58.0,33.0,0.98,1.02,57,60,7,142
2024-04-01 15:40:00,1.77933669090271,G6M2,g6m2_mid_load,1.0,58.0,33.0,0.98,1.02,57,60,7,142
2024-04-01 15:41:00,1.7798466682434082,G6M2,g6m2_mid_load,1.0,58.0,33.0,0.98,1.02,57,60,7,142
2024-04-01 15:42:00,1.7800366878509521,G6M2,g6m2_mid_load,1.0,58.0,33.0,0.98,1.02,57,60,7,142
2024-04-01 15:43:00,1.7792816162109375,G6M2,g6m2_mid_load,1.0,58.0,33.0,0.98,1.02,57,60,7,142
2024-04-01 20:45:00,1.792973279953003,G6M2,g6m2_mid_load,1.0,58.0,33.0,0.98,1.02,57,60,7,142
2024-04-01 20:46:00,1.7897716760635376,G6M2,g6m2_mid_load,1.0,58.0,33.0,0.98,1.02,57,60,7,142
2024-04-01 20:47:00,1.7879849672317505,G6M2,g6m2_mid_load,1.0,58.0,33.0,0.98,1.02,57,60,7,142
2024-04-01 20:48:00,1.7861616611480713,G6M2,g6m2_mid_load,1.0,58.0,33.0,0.98,1.02,57,60,7,142
2024-04-01 20:49:00,1.7856783866882324,G6M2,g6m2_mid_load,1.0,58.0,33.0,0.98,1.02,57,60,7,142
2024-04-01 20:50:00,1.784209966659546,G6M2,g6m2_mid_load,1.0,58.0,33.0,0.98,1.02,57,60,7,142
2024-04-01 20:51:00,1.7833967208862305,G6M2,g6m2_mid_load,1.0,58.0,33.0,0.98,1.02,57,60,7,142
2024-04-01 20:52:00,1.7841800451278687,G6M2,g6m2_mid_load,1.0,58.0,33.0,0.98,1.02,57,60,7,142
2024-04-01 20:53:00,1.7827717065811157,G6M2,g6m2_mid_load,1.0,58.0,33.0,0.98,1.02,57,60,7,142
2024-04-01 20:54:00,1.7827966213226318,G6M2,g6m2_mid_load,1.0,58.0,33.0,0.98,1.02,57,60,7,142
2024-04-01 20:55:00,1.7820866107940674,G6M2,g6m2_mid_load,1.0,58.0,33.0,0.98,1.02,57,60,7,142
2024-04-01 20:56:00,1.7822517156600952,G6M2,g6m2_mid_load,1.0,58.0,33.0,0.98,1.02,57,60,7,142
2024-04-01 20:57:00,1.7830833196640015,G6M2,g6m2_mid_load,1.0,58.0,33.0,0.98,1.02,57,60,7,142
2024-04-01 20:58:00,1.7829866409301758,G6M2,g6m2_mid_load,1.0,58.0,33.0,0.98,1.02,57,60,7,142
2024-04-01 20:59:00,1.7827866077423096,G6M2,g6m2_mid_load,1.0,58.0,33.0,0.98,1.02,57,60,7,142
2024-06-23 14:30:00,1.7806916236877441,G6M2,g6m2_mid_load,1.0,58.0,33.0,0.98,1.02,57,60,7,142
2024-06-23 14:31:00,1.7805583477020264,G6M2,g6m2_mid_load,1.0,58.0,33.0,0.98,1.02,57,60,7,142
2024-06-23 14:32:00,1.7801467180252075,G6M2,g6m2_mid_load,1.0,58.0,33.0,0.98,1.02,57,60,7,142
2024-06-23 14:33:00,1.7804983854293823,G6M2,g6m2_mid_load,1.0,58.0,33.0,0.98,1.02,57,60,7,142
2024-06-23 14:34:00,1.779603362083435,G6M2,g6m2_mid_load,1.0,58.0,33.0,0.98,1.02,57,60,7,142
2024-06-23 14:35:00,1.7805349826812744,G6M2,g6m2_mid_load,1.0,58.0,33.0,0.98,1.02,57,60,7,142
2024-06-23 14:36:00,1.7812000513076782,G6M2,g6m2_mid_load,1.0,58.0,33.0,0.98,1.02,57,60,7,142
2024-06-23 14:37:00,1.7818716764450073,G6M2,g6m2_mid_load,1.0,58.0,33.0,0.98,1.02,57,60,7,142
2024-06-23 14:38:00,1.7820650339126587,G6M2,g6m2_mid_load,1.0,58.0,33.0,0.98,1.02,57,60,7,142
2024-06-23 14:39:00,1.7826416492462158,G6M2,g6m2_mid_load,1.0,58.0,33.0,0.98,1.02,57,60,7,142
2024-06-23 14:40:00,1.782770037651062,G6M2,g6m2_mid_load,1.0,58.0,33.0,0.98,1.02,57,60,7,142
2024-06-23 14:41:00,1.782984972000122,G6M2,g6m2_mid_load,1.0,58.0,33.0,0.98,1.02,57,60,7,142
2024-06-23 14:42:00,1.7827982902526855,G6M2,g6m2_mid_load,1.0,58.0,33.0,0.98,1.02,57,60,7,142
2024-06-23 14:43:00,1.7814233303070068,G6M2,g6m2_mid_load,1.0,58.0,33.0,0.98,1.02,57,60,7,142
2024-06-23 14:44:00,1.7822799682617188,G6M2,g6m2_mid_load,1.0,58.0,33.0,0.98,1.02,57,60,7,142
2024-06-23 14:45:00,1.7825700044631958,G6M2,g6m2_mid_load,1.0,58.0,33.0,0.98,1.02,57,60,7,142
2024-06-23 14:46:00,1.7818683385849,G6M2,g6m2_mid_load,1.0,58.0,33.0,0.98,1.02,57,60,7,142
2024-06-23 14:47:00,1.781516671180725,G6M2,g6m2_mid_load,1.0,58.0,33.0,0.98,1.02,57,60,7,142
2024-06-23 14:48:00,1.783139944076538,G6M2,g6m2_mid_load,1.0,58.0,33.0,0.98,1.02,57,60,7,142
2024-06-23 14:49:00,1.7813550233840942,G6M2,g6m2_mid_load,1.0,58.0,33.0,0.98,1.02,57,60,7,142
2024-06-23 14:50:00,1.7807732820510864,G6M2,g6m2_mid_load,1.0,58.0,33.0,0.98,1.02,57,60,7,142
2024-06-23 14:51:00,1.781476616859436,G6M2,g6m2_mid_load,1.0,58.0,33.0,0.98,1.02,57,60,7,142
2024-06-23 14:52:00,1.7808983325958252,G6M2,g6m2_mid_load,1.0,58.0,33.0,0.98,1.02,57,60,7,142
2024-06-23 14:53:00,1.7810900211334229,G6M2,g6m2_mid_load,1.0,58.0,33.0,0.98,1.02,57,60,7,142
2024-06-23 14:54:00,1.7811416387557983,G6M2,g6m2_mid_load,1.0,58.0,33.0,0.98,1.02,57,60,7,142
2024-06-23 14:55:00,1.7823799848556519,G6M2,g6m2_mid_load,1.0,58.0,33.0,0.98,1.02,57,60,7,142
2024-06-23 14:56:00,1.782591700553894,G6M2,g6m2_mid_load,1.0,58.0,33.0,0.98,1.02,57,60,7,142
2024-06-23 14:57:00,1.7822682857513428,G6M2,g6m2_mid_load,1.0,58.0,33.0,0.98,1.02,57,60,7,142
2024-06-23 14:58:00,1.783043384552002,G6M2,g6m2_mid_load,1.0,58.0,33.0,0.98,1.02,57,60,7,142
2024-06-23 14:59:00,1.7830266952514648,G6M2,g6m2_mid_load,1.0,58.0,33.0,0.98,1.02,57,60,7,142
2024-06-23 15:00:00,1.7823833227157593,G6M2,g6m2_mid_load,1.0,58.0,33.0,0.98,1.02,57,60,7,142
2024-06-23 15:01:00,1.7828049659729004,G6M2,g6m2_mid_load,1.0,58.0,33.0,0.98,1.02,57,60,7,142
2024-06-23 15:02:00,1.7823699712753296,G6M2,g6m2_mid_load,1.0,58.0,33.0,0.98,1.02,57,60,7,142
2024-06-23 15:03:00,1.7816966772079468,G6M2,g6m2_mid_load,1.0,58.0,33.0,0.98,1.02,57,60,7,142
2024-06-23 15:04:00,1.7819733619689941,G6M2,g6m2_mid_load,1.0,58.0,33.0,0.98,1.02,57,60,7,142
2024-06-23 15:05:00,1.7816033363342285,G6M2,g6m2_mid_load,1.0,58.0,33.0,0.98,1.02,57,60,7,142
2024-06-23 15:06:00,1.7812483310699463,G6M2,g6m2_mid_load,1.0,58.0,33.0,0.98,1.02,57,60,7,142
2024-06-23 15:07:00,1.7814533710479736,G6M2,g6m2_mid_load,1.0,58.0,33.0,0.98,1.02,57,60,7,142
2024-06-23 15:08:00,1.7817950248718262,G6M2,g6m2_mid_load,1.0,58.0,33.0,0.98,1.02,57,60,7,142
2024-06-23 15:09:00,1.7816367149353027,G6M2,g6m2_mid_load,1.0,58.0,33.0,0.98,1.02,57,60,7,142
2024-06-23 15:10:00,1.782178282737732,G6M2,g6m2_mid_load,1.0,58.0,33.0,0.98,1.02,57,60,7,142
2024-06-23 15:11:00,1.7822450399398804,G6M2,g6m2_mid_load,1.0,58.0,33.0,0.98,1.02,57,60,7,142
2024-06-23 15:12:00,1.7822699546813965,G6M2,g6m2_mid_load,1.0,58.0,33.0,0.98,1.02,57,60,7,142
2024-06-23 15:13:00,1.7820066213607788,G6M2,g6m2_mid_load,1.0,58.0,33.0,0.98,1.02,57,60,7,142
2024-06-23 15:14:00,1.7823916673660278,G6M2,g6m2_mid_load,1.0,58.0,33.0,0.98,1.02,57,60,7,142
2024-06-23 15:15:00,1.7823983430862427,G6M2,g6m2_mid_load,1.0,58.0,33.0,0.98,1.02,57,60,7,142
2024-06-23 15:16:00,1.7826733589172363,G6M2,g6m2_mid_load,1.0,58.0,33.0,0.98,1.02,57,60,7,142
2024-06-23 15:17:00,1.7821533679962158,G6M2,g6m2_mid_load,1.0,58.0,33.0,0.98,1.02,57,60,7,142
2024-06-23 15:18:00,1.7825483083724976,G6M2,g6m2_mid_load,1.0,58.0,33.0,0.98,1.02,57,60,7,142
2024-06-23 15:19:00,1.7821416854858398,G6M2,g6m2_mid_load,1.0,58.0,33.0,0.98,1.02,57,60,7,142
2024-06-23 15:20:00,1.7822550535202026,G6M2,g6m2_mid_load,1.0,58.0,33.0,0.98,1.02,57,60,7,142
2024-06-23 15:21:00,1.7833833694458008,G6M2,g6m2_mid_load,1.0,58.0,33.0,0.98,1.02,57,60,7,142
2024-06-23 15:22:00,1.782539963722229,G6M2,g6m2_mid_load,1.0,58.0,33.0,0.98,1.02,57,60,7,142
2024-06-23 15:23:00,1.7821600437164307,G6M2,g6m2_mid_load,1.0,58.0,33.0,0.98,1.02,57,60,7,142
2024-06-23 15:24:00,1.782996654510498,G6M2,g6m2_mid_load,1.0,58.0,33.0,0.98,1.02,57,60,7,142
2024-06-23 15:25:00,1.7808549404144287,G6M2,g6m2_mid_load,1.0,58.0,33.0,0.98,1.02,57,60,7,142
2024-06-23 15:26:00,1.7831549644470215,G6M2,g6m2_mid_load,1.0,58.0,33.0,0.98,1.02,57,60,7,142
2024-06-23 15:27:00,1.7826316356658936,G6M2,g6m2_mid_load,1.0,58.0,33.0,0.98,1.02,57,60,7,142
2024-06-23 15:28:00,1.7824217081069946,G6M2,g6m2_mid_load,1.0,58.0,33.0,0.98,1.02,57,60,7,142
2024-06-23 15:29:00,1.7824532985687256,G6M2,g6m2_mid_load,1.0,58.0,33.0,0.98,1.02,57,60,7,142
2024-06-23 15:30:00,1.7834032773971558,G6M2,g6m2_mid_load,1.0,58.0,33.0,0.98,1.02,57,60,7,142
2024-06-23 15:31:00,1.781630039215088,G6M2,g6m2_mid_load,1.0,58.0,33.0,0.98,1.02,57,60,7,142
2024-06-23 15:32:00,1.7817366123199463,G6M2,g6m2_mid_load,1.0,58.0,33.0,0.98,1.02,57,60,7,142
2024-06-23 15:33:00,1.7832950353622437,G6M2,g6m2_mid_load,1.0,58.0,33.0,0.98,1.02,57,60,7,142
2024-06-23 15:34:00,1.7822999954223633,G6M2,g6m2_mid_load,1.0,58.0,33.0,0.98,1.02,57,60,7,142
2024-06-23 15:35:00,1.7830133438110352,G6M2,g6m2_mid_load,1.0,58.0,33.0,0.98,1.02,57,60,7,142
2024-06-23 15:36:00,1.7825816869735718,G6M2,g6m2_mid_load,1.0,58.0,33.0,0.98,1.02,57,60,7,142
2024-06-23 15:37:00,1.7824599742889404,G6M2,g6m2_mid_load,1.0,58.0,33.0,0.98,1.02,57,60,7,142
2024-06-23 15:38:00,1.782246708869934,G6M2,g6m2_mid_load,1.0,58.0,33.0,0.98,1.02,57,60,7,142
2024-06-23 15:39:00,1.7823582887649536,G6M2,g6m2_mid_load,1.0,58.0,33.0,0.98,1.02,57,60,7,142
2024-06-23 15:40:00,1.7829533815383911,G6M2,g6m2_mid_load,1.0,58.0,33.0,0.98,1.02,57,60,7,142
2024-06-23 15:41:00,1.7822632789611816,G6M2,g6m2_mid_load,1.0,58.0,33.0,0.98,1.02,57,60,7,142
2024-06-23 15:42:00,1.7819850444793701,G6M2,g6m2_mid_load,1.0,58.0,33.0,0.98,1.02,57,60,7,142
2024-06-23 15:43:00,1.7821567058563232,G6M2,g6m2_mid_load,1.0,58.0,33.0,0.98,1.02,57,60,7,142
2024-06-23 20:45:00,1.7913700342178345,G6M2,g6m2_mid_load,1.0,58.0,33.0,0.98,1.02,57,60,7,142
2024-06-23 20:46:00,1.7915300130844116,G6M2,g6m2_mid_load,1.0,58.0,33.0,0.98,1.02,57,60,7,142
2024-06-23 20:47:00,1.7882299423217773,G6M2,g6m2_mid_load,1.0,58.0,33.0,0.98,1.02,57,60,7,142
2024-06-23 20:48:00,1.7877833843231201,G6M2,g6m2_mid_load,1.0,58.0,33.0,0.98,1.02,57,60,7,142
2024-06-23 20:49:00,1.7851099967956543,G6M2,g6m2_mid_load,1.0,58.0,33.0,0.98,1.02,57,60,7,142
2024-06-23 20:50:00,1.787588357925415,G6M2,g6m2_mid_load,1.0,58.0,33.0,0.98,1.02,57,60,7,142
2024-06-23 20:51:00,1.7853449583053589,G6M2,g6m2_mid_load,1.0,58.0,33.0,0.98,1.02,57,60,7,142
2024-06-23 20:52:00,1.7846633195877075,G6M2,g6m2_mid_load,1.0,58.0,33.0,0.98,1.02,57,60,7,142
2024-06-23 20:53:00,1.7839282751083374,G6M2,g6m2_mid_load,1.0,58.0,33.0,0.98,1.02,57,60,7,142
2024-06-23 20:54:00,1.784338355064392,G6M2,g6m2_mid_load,1.0,58.0,33.0,0.98,1.02,57,60,7,142
2024-06-23 20:55:00,1.7831016778945923,G6M2,g6m2_mid_load,1.0,58.0,33.0,0.98,1.02,57,60,7,142
2024-06-23 20:56:00,1.7829166650772095,G6M2,g6m2_mid_load,1.0,58.0,33.0,0.98,1.02,57,60,7,142
2024-06-23 20:57:00,1.7838966846466064,G6M2,g6m2_mid_load,1.0,58.0,33.0,0.98,1.02,57,60,7,142
2024-06-23 20:58:00,1.7831350564956665,G6M2,g6m2_mid_load,1.0,58.0,33.0,0.98,1.02,57,60,7,142
2024-06-23 20:59:00,1.7824466228485107,G6M2,g6m2_mid_load,1.0,58.0,33.0,0.98,1.02,57,60,7,142
2024-09-19 00:10:00,1.7867616415023804,G6M2,g6m2_mid_load,1.0,58.0,33.0,0.98,1.02,57,60,7,142
2024-09-19 00:11:00,1.7858099937438965,G6M2,g6m2_mid_load,1.0,58.0,33.0,0.98,1.02,57,60,7,142
2024-09-19 00:21:00,1.7885650396347046,G6M2,g6m2_mid_load,1.0,58.0,33.0,0.98,1.02,57,60,7,142
2024-09-19 01:57:00,1.7922732830047607,G6M2,g6m2_mid_load,1.0,58.0,33.0,0.98,1.02,57,60,7,142
2024-09-19 01:58:00,1.7886300086975098,G6M2,g6m2_mid_load,1.0,58.0,33.0,0.98,1.02,57,60,7,142
2024-09-19 01:59:00,1.785401701927185,G6M2,g6m2_mid_load,1.0,58.0,33.0,0.98,1.02,57,60,7,142
2024-09-19 14:03:00,1.787726640701294,G6M2,g6m2_mid_load,1.0,58.0,33.0,0.98,1.02,57,60,7,142
2024-09-19 14:09:00,1.7884516716003418,G6M2,g6m2_mid_load,1.0,58.0,33.0,0.98,1.02,57,60,7,142
2024-09-19 14:10:00,1.790809988975525,G6M2,g6m2_mid_load,1.0,58.0,33.0,0.98,1.02,57,60,7,142
2024-09-19 14:11:00,1.791778326034546,G6M2,g6m2_mid_load,1.0,58.0,33.0,0.98,1.02,57,60,7,142
2024-09-19 15:04:00,1.7867799997329712,G6M2,g6m2_mid_load,1.0,58.0,33.0,0.98,1.02,57,60,7,142
2024-09-19 15:33:00,1.7900700569152832,G6M2,g6m2_mid_load,1.0,58.0,33.0,0.98,1.02,57,60,7,142
2024-09-19 15:34:00,1.7880566120147705,G6M2,g6m2_mid_load,1.0,58.0,33.0,0.98,1.02,57,60,7,142
2024-09-19 22:58:00,1.7952150106430054,G6M2,g6m2_mid_load,1.0,58.0,33.0,0.98,1.02,57,60,7,142
2024-09-19 22:59:00,1.7929617166519165,G6M2,g6m2_mid_load,1.0,58.0,33.0,0.98,1.02,57,60,7,142
2024-09-19 23:00:00,1.7899032831192017,G6M2,g6m2_mid_load,1.0,58.0,33.0,0.98,1.02,57,60,7,142
2024-09-22 14:52:00,1.795093297958374,G6M2,g6m2_mid_load,1.0,58.0,33.0,0.98,1.02,57,60,7,142
2024-09-22 14:53:00,1.795454978942871,G6M2,g6m2_mid_load,1.0,58.0,33.0,0.98,1.02,57,60,7,142
2024-09-22 14:54:00,1.795406699180603,G6M2,g6m2_mid_load,1.0,58.0,33.0,0.98,1.02,57,60,7,142
2024-09-22 14:55:00,1.794160008430481,G6M2,g6m2_mid_load,1.0,58.0,33.0,0.98,1.02,57,60,7,142
2024-09-22 14:56:00,1.79694664478302,G6M2,g6m2_mid_load,1.0,58.0,33.0,0.98,1.02,57,60,7,142
2024-09-22 14:57:00,1.7973333597183228,G6M2,g6m2_mid_load,1.0,58.0,33.0,0.98,1.02,57,60,7,142
2024-09-22 14:58:00,1.7973350286483765,G6M2,g6m2_mid_load,1.0,58.0,33.0,0.98,1.02,57,60,7,142
2024-09-22 14:59:00,1.7977232933044434,G6M2,g6m2_mid_load,1.0,58.0,33.0,0.98,1.02,57,60,7,142
2024-09-22 15:00:00,1.7985299825668335,G6M2,g6m2_mid_load,1.0,58.0,33.0,0.98,1.02,57,60,7,142
2024-09-22 15:01:00,1.7981833219528198,G6M2,g6m2_mid_load,1.0,58.0,33.0,0.98,1.02,57,60,7,142
2024-09-22 15:02:00,1.797795057296753,G6M2,g6m2_mid_load,1.0,58.0,33.0,0.98,1.02,57,60,7,142
2024-09-22 15:03:00,1.7974216938018799,G6M2,g6m2_mid_load,1.0,58.0,33.0,0.98,1.02,57,60,7,142
2024-09-22 15:04:00,1.7977149486541748,G6M2,g6m2_mid_load,1.0,58.0,33.0,0.98,1.02,57,60,7,142
2024-09-22 15:05:00,1.7978932857513428,G6M2,g6m2_mid_load,1.0,58.0,33.0,0.98,1.02,57,60,7,142
2024-09-22 15:06:00,1.7979016304016113,G6M2,g6m2_mid_load,1.0,58.0,33.0,0.98,1.02,57,60,7,142
2024-09-22 15:07:00,1.797808289527893,G6M2,g6m2_mid_load,1.0,58.0,33.0,0.98,1.02,57,60,7,142
2024-09-22 15:08:00,1.7983150482177734,G6M2,g6m2_mid_load,1.0,58.0,33.0,0.98,1.02,57,60,7,142
2024-09-22 15:09:00,1.7953449487686157,G6M2,g6m2_mid_load,1.0,58.0,33.0,0.98,1.02,57,60,7,142
2024-09-22 15:10:00,1.795609951019287,G6M2,g6m2_mid_load,1.0,58.0,33.0,0.98,1.02,57,60,7,142
2024-09-22 15:11:00,1.796025037765503,G6M2,g6m2_mid_load,1.0,58.0,33.0,0.98,1.02,57,60,7,142
2024-09-22 15:12:00,1.7965550422668457,G6M2,g6m2_mid_load,1.0,58.0,33.0,0.98,1.02,57,60,7,142
2024-09-22 15:13:00,1.7959083318710327,G6M2,g6m2_mid_load,1.0,58.0,33.0,0.98,1.02,57,60,7,142
2024-09-22 15:14:00,1.7966066598892212,G6M2,g6m2_mid_load,1.0,58.0,33.0,0.98,1.02,57,60,7,142
2024-09-22 15:15:00,1.7963833808898926,G6M2,g6m2_mid_load,1.0,58.0,33.0,0.98,1.02,57,60,7,142
2024-09-22 15:16:00,1.7976866960525513,G6M2,g6m2_mid_load,1.0,58.0,33.0,0.98,1.02,57,60,7,142
2024-09-22 15:17:00,1.7980350255966187,G6M2,g6m2_mid_load,1.0,58.0,33.0,0.98,1.02,57,60,7,142
2024-09-22 15:18:00,1.7987366914749146,G6M2,g6m2_mid_load,1.0,58.0,33.0,0.98,1.02,57,60,7,142
2024-09-22 15:19:00,1.7991650104522705,G6M2,g6m2_mid_load,1.0,58.0,33.0,0.98,1.02,57,60,7,142
2024-09-22 15:20:00,1.7982432842254639,G6M2,g6m2_mid_load,1.0,58.0,33.0,0.98,1.02,57,60,7,142
2024-09-22 15:21:00,1.7975000143051147,G6M2,g6m2_mid_load,1.0,58.0,33.0,0.98,1.02,57,60,7,142
2024-09-22 15:22:00,1.7973599433898926,G6M2,g6m2_mid_load,1.0,58.0,33.0,0.98,1.02,57,60,7,142
2024-09-22 15:23:00,1.7970466613769531,G6M2,g6m2_mid_load,1.0,58.0,33.0,0.98,1.02,57,60,7,142
2024-09-22 15:24:00,1.7974799871444702,G6M2,g6m2_mid_load,1.0,58.0,33.0,0.98,1.02,57,60,7,142
2024-09-22 15:25:00,1.7971233129501343,G6M2,g6m2_mid_load,1.0,58.0,33.0,0.98,1.02,57,60,7,142
2024-09-22 15:26:00,1.7960983514785767,G6M2,g6m2_mid_load,1.0,58.0,33.0,0.98,1.02,57,60,7,142
2024-09-22 15:27:00,1.795941710472107,G6M2,g6m2_mid_load,1.0,58.0,33.0,0.98,1.02,57,60,7,142
2024-09-22 15:28:00,1.7959166765213013,G6M2,g6m2_mid_load,1.0,58.0,33.0,0.98,1.02,57,60,7,142
2024-09-22 15:29:00,1.796668291091919,G6M2,g6m2_mid_load,1.0,58.0,33.0,0.98,1.02,57,60,7,142
2024-09-22 15:30:00,1.7974400520324707,G6M2,g6m2_mid_load,1.0,58.0,33.0,0.98,1.02,57,60,7,142
2024-09-22 15:31:00,1.7982250452041626,G6M2,g6m2_mid_load,1.0,58.0,33.0,0.98,1.02,57,60,7,142
2024-09-22 15:32:00,1.7983382940292358,G6M2,g6m2_mid_load,1.0,58.0,33.0,0.98,1.02,57,60,7,142
2024-09-22 15:33:00,1.7987483739852905,G6M2,g6m2_mid_load,1.0,58.0,33.0,0.98,1.02,57,60,7,142
2024-09-22 15:34:00,1.7992817163467407,G6M2,g6m2_mid_load,1.0,58.0,33.0,0.98,1.02,57,60,7,142
2024-09-22 15:35:00,1.7976266145706177,G6M2,g6m2_mid_load,1.0,58.0,33.0,0.98,1.02,57,60,7,142
2024-09-22 15:36:00,1.7976917028427124,G6M2,g6m2_mid_load,1.0,58.0,33.0,0.98,1.02,57,60,7,142
2024-09-22 15:37:00,1.7967783212661743,G6M2,g6m2_mid_load,1.0,58.0,33.0,0.98,1.02,57,60,7,142
2024-09-22 15:38:00,1.7976382970809937,G6M2,g6m2_mid_load,1.0,58.0,33.0,0.98,1.02,57,60,7,142
2024-09-22 15:39:00,1.797474980354309,G6M2,g6m2_mid_load,1.0,58.0,33.0,0.98,1.02,57,60,7,142
2024-09-22 15:40:00,1.7970383167266846,G6M2,g6m2_mid_load,1.0,58.0,33.0,0.98,1.02,57,60,7,142
2024-09-22 15:41:00,1.7966933250427246,G6M2,g6m2_mid_load,1.0,58.0,33.0,0.98,1.02,57,60,7,142
2024-09-22 15:42:00,1.796125054359436,G6M2,g6m2_mid_load,1.0,58.0,33.0,0.98,1.02,57,60,7,142
2024-09-22 15:43:00,1.796470046043396,G6M2,g6m2_mid_load,1.0,58.0,33.0,0.98,1.02,57,60,7,142
2024-09-22 15:44:00,1.7962000370025635,G6M2,g6m2_mid_load,1.0,58.0,33.0,0.98,1.02,57,60,7,142
2024-09-22 15:45:00,1.7975200414657593,G6M2,g6m2_mid_load,1.0,58.0,33.0,0.98,1.02,57,60,7,142
2024-09-22 15:46:00,1.797558307647705,G6M2,g6m2_mid_load,1.0,58.0,33.0,0.98,1.02,57,60,7,142
2024-09-22 15:47:00,1.797410011291504,G6M2,g6m2_mid_load,1.0,58.0,33.0,0.98,1.02,57,60,7,142
2024-09-22 15:48:00,1.798661708831787,G6M2,g6m2_mid_load,1.0,58.0,33.0,0.98,1.02,57,60,7,142
2024-09-22 15:49:00,1.798461675643921,G6M2,g6m2_mid_load,1.0,58.0,33.0,0.98,1.02,57,60,7,142
2024-09-22 15:50:00,1.7981582880020142,G6M2,g6m2_mid_load,1.0,58.0,33.0,0.98,1.02,57,60,7,142
2024-09-22 15:51:00,1.7974933385849,G6M2,g6m2_mid_load,1.0,58.0,33.0,0.98,1.02,57,60,7,142
2024-09-22 15:52:00,1.7985283136367798,G6M2,g6m2_mid_load,1.0,58.0,33.0,0.98,1.02,57,60,7,142
2024-09-22 15:53:00,1.7985516786575317,G6M2,g6m2_mid_load,1.0,58.0,33.0,0.98,1.02,57,60,7,142
2024-09-22 15:54:00,1.7983900308609009,G6M2,g6m2_mid_load,1.0,58.0,33.0,0.98,1.02,57,60,7,142
2024-09-22 15:55:00,1.7974933385849,G6M2,g6m2_mid_load,1.0,58.0,33.0,0.98,1.02,57,60,7,142
2024-09-22 15:56:00,1.7973099946975708,G6M2,g6m2_mid_load,1.0,58.0,33.0,0.98,1.02,57,60,7,142
2024-09-22 15:57:00,1.7972016334533691,G6M2,g6m2_mid_load,1.0,58.0,33.0,0.98,1.02,57,60,7,142
2024-09-22 15:58:00,1.7963550090789795,G6M2,g6m2_mid_load,1.0,58.0,33.0,0.98,1.02,57,60,7,142
2024-09-22 15:59:00,1.7950516939163208,G6M2,g6m2_mid_load,1.0,58.0,33.0,0.98,1.02,57,60,7,142
2024-09-22 16:00:00,1.7974233627319336,G6M2,g6m2_mid_load,1.0,58.0,33.0,0.98,1.02,57,60,7,142
2024-09-22 16:01:00,1.7963333129882812,G6M2,g6m2_mid_load,1.0,58.0,33.0,0.98,1.02,57,60,7,142
2024-09-22 16:02:00,1.7965633869171143,G6M2,g6m2_mid_load,1.0,58.0,33.0,0.98,1.02,57,60,7,142
2024-09-22 16:03:00,1.7969366312026978,G6M2,g6m2_mid_load,1.0,58.0,33.0,0.98,1.02,57,60,7,142
2024-09-22 16:04:00,1.7981666326522827,G6M2,g6m2_mid_load,1.0,58.0,33.0,0.98,1.02,57,60,7,142
2024-09-22 16:05:00,1.7985800504684448,G6M2,g6m2_mid_load,1.0,58.0,33.0,0.98,1.02,57,60,7,142
2024-09-22 16:06:00,1.7997150421142578,G6M2,g6m2_mid_load,1.0,58.0,33.0,0.98,1.02,57,60,7,142
2024-09-22 21:07:00,1.8075000047683716,G6M2,g6m2_mid_load,1.0,58.0,33.0,0.98,1.02,57,60,7,142
2024-09-22 21:08:00,1.805983304977417,G6M2,g6m2_mid_load,1.0,58.0,33.0,0.98,1.02,57,60,7,142
2024-09-22 21:09:00,1.8043849468231201,G6M2,g6m2_mid_load,1.0,58.0,33.0,0.98,1.02,57,60,7,142
2024-09-22 21:10:00,1.8010649681091309,G6M2,g6m2_mid_load,1.0,58.0,33.0,0.98,1.02,57,60,7,142
2024-09-22 21:11:00,1.8015016317367554,G6M2,g6m2_mid_load,1.0,58.0,33.0,0.98,1.02,57,60,7,142
2024-09-22 21:12:00,1.800553321838379,G6M2,g6m2_mid_load,1.0,58.0,33.0,0.98,1.02,57,60,7,142
2024-09-22 21:13:00,1.7997016906738281,G6M2,g6m2_mid_load,1.0,58.0,33.0,0.98,1.02,57,60,7,142
2024-09-22 21:14:00,1.7960549592971802,G6M2,g6m2_mid_load,1.0,58.0,33.0,0.98,1.02,57,60,7,142
2024-09-22 21:15:00,1.7984333038330078,G6M2,g6m2_mid_load,1.0,58.0,33.0,0.98,1.02,57,60,7,142
2024-09-22 21:16:00,1.7970800399780273,G6M2,g6m2_mid_load,1.0,58.0,33.0,0.98,1.02,57,60,7,142
2024-09-22 21:17:00,1.7974966764450073,G6M2,g6m2_mid_load,1.0,58.0,33.0,0.98,1.02,57,60,7,142
2024-09-22 21:18:00,1.7977650165557861,G6M2,g6m2_mid_load,1.0,58.0,33.0,0.98,1.02,57,60,7,142
2024-09-22 21:19:00,1.7977800369262695,G6M2,g6m2_mid_load,1.0,58.0,33.0,0.98,1.02,57,60,7,142
2024-09-22 21:20:00,1.7974050045013428,G6M2,g6m2_mid_load,1.0,58.0,33.0,0.98,1.02,57,60,7,142
2024-09-22 21:21:00,1.7975749969482422,G6M2,g6m2_mid_load,1.0,58.0,33.0,0.98,1.02,57,60,7,142
2024-09-22 21:22:00,1.798609972000122,G6M2,g6m2_mid_load,1.0,58.0,33.0,0.98,1.02,57,60,7,142
2024-09-22 21:23:00,1.799033284187317,G6M2,g6m2_mid_load,1.0,58.0,33.0,0.98,1.02,57,60,7,142
2024-09-22 21:24:00,1.7985066175460815,G6M2,g6m2_mid_load,1.0,58.0,33.0,0.98,1.02,57,60,7,142
2024-09-22 21:25:00,1.7997967004776,G6M2,g6m2_mid_load,1.0,58.0,33.0,0.98,1.02,57,60,7,142
2024-09-22 21:26:00,1.799096703529358,G6M2,g6m2_mid_load,1.0,58.0,33.0,0.98,1.02,57,60,7,142
2024-09-22 21:27:00,1.7988183498382568,G6M2,g6m2_mid_load,1.0,58.0,33.0,0.98,1.02,57,60,7,142
2024-09-22 21:28:00,1.7998466491699219,G6M2,g6m2_mid_load,1.0,58.0,33.0,0.98,1.02,57,60,7,142
2024-09-22 21:29:00,1.8005399703979492,G6M2,g6m2_mid_load,1.0,58.0,33.0,0.98,1.02,57,60,7,142
2024-09-22 21:30:00,1.7984800338745117,G6M2,g6m2_mid_load,1.0,58.0,33.0,0.98,1.02,57,60,7,142
2024-09-22 21:31:00,1.79906165599823,G6M2,g6m2_mid_load,1.0,58.0,33.0,0.98,1.02,57,60,7,142
2024-09-22 21:32:00,1.7989150285720825,G6M2,g6m2_mid_load,1.0,58.0,33.0,0.98,1.02,57,60,7,142
2024-09-22 21:33:00,1.798561692237854,G6M2,g6m2_mid_load,1.0,58.0,33.0,0.98,1.02,57,60,7,142
2024-09-22 21:34:00,1.7967050075531006,G6M2,g6m2_mid_load,1.0,58.0,33.0,0.98,1.02,57,60,7,142
2024-09-22 21:35:00,1.7977383136749268,G6M2,g6m2_mid_load,1.0,58.0,33.0,0.98,1.02,57,60,7,142
2024-09-22 21:36:00,1.7974233627319336,G6M2,g6m2_mid_load,1.0,58.0,33.0,0.98,1.02,57,60,7,142
2024-09-22 21:37:00,1.7979999780654907,G6M2,g6m2_mid_load,1.0,58.0,33.0,0.98,1.02,57,60,7,142
2024-09-22 21:38:00,1.797891616821289,G6M2,g6m2_mid_load,1.0,58.0,33.0,0.98,1.02,57,60,7,142
2024-09-22 21:39:00,1.7979466915130615,G6M2,g6m2_mid_load,1.0,58.0,33.0,0.98,1.02,57,60,7,142
2024-09-22 21:40:00,1.7992266416549683,G6M2,g6m2_mid_load,1.0,58.0,33.0,0.98,1.02,57,60,7,142
2024-09-22 21:41:00,1.7986483573913574,G6M2,g6m2_mid_load,1.0,58.0,33.0,0.98,1.02,57,60,7,142
2024-09-22 21:42:00,1.7994250059127808,G6M2,g6m2_mid_load,1.0,58.0,33.0,0.98,1.02,57,60,7,142
2024-09-22 21:43:00,1.8000166416168213,G6M2,g6m2_mid_load,1.0,58.0,33.0,0.98,1.02,57,60,7,142
2024-09-22 21:44:00,1.8001099824905396,G6M2,g6m2_mid_load,1.0,58.0,33.0,0.98,1.02,57,60,7,142
2024-09-22 21:45:00,1.800331711769104,G6M2,g6m2_mid_load,1.0,58.0,33.0,0.98,1.02,57,60,7,142
2024-09-22 21:46:00,1.79926335811615,G6M2,g6m2_mid_load,1.0,58.0,33.0,0.98,1.02,57,60,7,142
2024-09-22 21:47:00,1.8000949621200562,G6M2,g6m2_mid_load,1.0,58.0,33.0,0.98,1.02,57,60,7,142
2024-09-22 21:48:00,1.798656702041626,G6M2,g6m2_mid_load,1.0,58.0,33.0,0.98,1.02,57,60,7,142
2024-09-22 21:49:00,1.798550009727478,G6M2,g6m2_mid_load,1.0,58.0,33.0,0.98,1.02,57,60,7,142
2024-09-22 21:50:00,1.7985916137695312,G6M2,g6m2_mid_load,1.0,58.0,33.0,0.98,1.02,57,60,7,142
2024-09-22 21:51:00,1.7976833581924438,G6M2,g6m2_mid_load,1.0,58.0,33.0,0.98,1.02,57,60,7,142
2024-09-22 21:52:00,1.7981716394424438,G6M2,g6m2_mid_load,1.0,58.0,33.0,0.98,1.02,57,60,7,142
2024-09-22 21:53:00,1.7979249954223633,G6M2,g6m2_mid_load,1.0,58.0,33.0,0.98,1.02,57,60,7,142
2024-09-22 21:54:00,1.7977933883666992,G6M2,g6m2_mid_load,1.0,58.0,33.0,0.98,1.02,57,60,7,142
2024-09-22 21:55:00,1.7976683378219604,G6M2,g6m2_mid_load,1.0,58.0,33.0,0.98,1.02,57,60,7,142
2024-09-22 21:56:00,1.798745036125183,G6M2,g6m2_mid_load,1.0,58.0,33.0,0.98,1.02,57,60,7,142
2024-09-22 21:57:00,1.7989532947540283,G6M2,g6m2_mid_load,1.0,58.0,33.0,0.98,1.02,57,60,7,142
2024-09-22 21:58:00,1.7997649908065796,G6M2,g6m2_mid_load,1.0,58.0,33.0,0.98,1.02,57,60,7,142
2024-09-22 21:59:00,1.7993383407592773,G6M2,g6m2_mid_load,1.0,58.0,33.0,0.98,1.02,57,60,7,142
2024-09-22 22:00:00,1.7999249696731567,G6M2,g6m2_mid_load,1.0,58.0,33.0,0.98,1.02,57,60,7,142
2024-09-22 22:01:00,1.799644947052002,G6M2,g6m2_mid_load,1.0,58.0,33.0,0.98,1.02,57,60,7,142
2024-09-22 22:02:00,1.7993733882904053,G6M2,g6m2_mid_load,1.0,58.0,33.0,0.98,1.02,57,60,7,142
2024-09-22 22:03:00,1.7996749877929688,G6M2,g6m2_mid_load,1.0,58.0,33.0,0.98,1.02,57,60,7,142
2024-09-22 22:04:00,1.7996116876602173,G6M2,g6m2_mid_load,1.0,58.0,33.0,0.98,1.02,57,60,7,142
2024-09-22 22:05:00,1.7993966341018677,G6M2,g6m2_mid_load,1.0,58.0,33.0,0.98,1.02,57,60,7,142
2024-09-22 22:06:00,1.7996050119400024,G6M2,g6m2_mid_load,1.0,58.0,33.0,0.98,1.02,57,60,7,142
2024-09-22 22:07:00,1.7988100051879883,G6M2,g6m2_mid_load,1.0,58.0,33.0,0.98,1.02,57,60,7,142
2024-09-22 22:08:00,1.7996050119400024,G6M2,g6m2_mid_load,1.0,58.0,33.0,0.98,1.02,57,60,7,142
2024-09-22 22:09:00,1.7981133460998535,G6M2,g6m2_mid_load,1.0,58.0,33.0,0.98,1.02,57,60,7,142
2024-09-22 22:10:00,1.7979049682617188,G6M2,g6m2_mid_load,1.0,58.0,33.0,0.98,1.02,57,60,7,142
2024-09-22 22:11:00,1.7982449531555176,G6M2,g6m2_mid_load,1.0,58.0,33.0,0.98,1.02,57,60,7,142
2024-09-22 22:12:00,1.7974933385849,G6M2,g6m2_mid_load,1.0,58.0,33.0,0.98,1.02,57,60,7,142
2024-09-22 22:13:00,1.7984533309936523,G6M2,g6m2_mid_load,1.0,58.0,33.0,0.98,1.02,57,60,7,142
2024-09-22 22:14:00,1.7984232902526855,G6M2,g6m2_mid_load,1.0,58.0,33.0,0.98,1.02,57,60,7,142
2024-09-22 22:15:00,1.7990833520889282,G6M2,g6m2_mid_load,1.0,58.0,33.0,0.98,1.02,57,60,7,142
2024-09-22 22:16:00,1.7996866703033447,G6M2,g6m2_mid_load,1.0,58.0,33.0,0.98,1.02,57,60,7,142
2024-09-22 22:17:00,1.799696683883667,G6M2,g6m2_mid_load,1.0,58.0,33.0,0.98,1.02,57,60,7,142
2024-09-22 22:18:00,1.800118327140808,G6M2,g6m2_mid_load,1.0,58.0,33.0,0.98,1.02,57,60,7,142
2024-09-22 22:19:00,1.7994883060455322,G6M2,g6m2_mid_load,1.0,58.0,33.0,0.98,1.02,57,60,7,142
2024-09-22 22:20:00,1.799506664276123,G6M2,g6m2_mid_load,1.0,58.0,33.0,0.98,1.02,57,60,7,142
2024-09-22 22:21:00,1.799299955368042,G6M2,g6m2_mid_load,1.0,58.0,33.0,0.98,1.02,57,60,7,142
2024-09-22 22:22:00,1.8000500202178955,G6M2,g6m2_mid_load,1.0,58.0,33.0,0.98,1.02,57,60,7,142
2024-09-22 22:23:00,1.7996150255203247,G6M2,g6m2_mid_load,1.0,58.0,33.0,0.98,1.02,57,60,7,142
2024-09-22 22:24:00,1.7993717193603516,G6M2,g6m2_mid_load,1.0,58.0,33.0,0.98,1.02,57,60,7,142
2024-09-22 22:25:00,1.7984299659729004,G6M2,g6m2_mid_load,1.0,58.0,33.0,0.98,1.02,57,60,7,142
2024-09-22 22:26:00,1.7986483573913574,G6M2,g6m2_mid_load,1.0,58.0,33.0,0.98,1.02,57,60,7,142
2024-09-22 22:27:00,1.7974799871444702,G6M2,g6m2_mid_load,1.0,58.0,33.0,0.98,1.02,57,60,7,142
2024-09-22 22:28:00,1.7978099584579468,G6M2,g6m2_mid_load,1.0,58.0,33.0,0.98,1.02,57,60,7,142
2024-09-22 22:29:00,1.7990282773971558,G6M2,g6m2_mid_load,1.0,58.0,33.0,0.98,1.02,57,60,7,142
2024-09-22 22:30:00,1.7984033823013306,G6M2,g6m2_mid_load,1.0,58.0,33.0,0.98,1.02,57,60,7,142
2024-09-22 22:31:00,1.7987483739852905,G6M2,g6m2_mid_load,1.0,58.0,33.0,0.98,1.02,57,60,7,142
2024-09-22 22:32:00,1.7987799644470215,G6M2,g6m2_mid_load,1.0,58.0,33.0,0.98,1.02,57,60,7,142
2024-09-22 22:33:00,1.7988183498382568,G6M2,g6m2_mid_load,1.0,58.0,33.0,0.98,1.02,57,60,7,142
2024-09-22 22:34:00,1.7986116409301758,G6M2,g6m2_mid_load,1.0,58.0,33.0,0.98,1.02,57,60,7,142
2024-09-22 22:35:00,1.7993717193603516,G6M2,g6m2_mid_load,1.0,58.0,33.0,0.98,1.02,57,60,7,142
2024-09-22 22:36:00,1.7977999448776245,G6M2,g6m2_mid_load,1.0,58.0,33.0,0.98,1.02,57,60,7,142
2024-09-22 22:37:00,1.8003699779510498,G6M2,g6m2_mid_load,1.0,58.0,33.0,0.98,1.02,57,60,7,142
2024-09-22 22:38:00,1.8001916408538818,G6M2,g6m2_mid_load,1.0,58.0,33.0,0.98,1.02,57,60,7,142
2025-03-16 15:45:00,1.8195233345031738,G6M2,g6m2_mid_load,1.0,58.0,33.0,0.98,1.02,57,60,7,142
2025-03-16 15:46:00,1.8194583654403687,G6M2,g6m2_mid_load,1.0,58.0,33.0,0.98,1.02,57,60,7,142
2025-03-16 15:47:00,1.819254994392395,G6M2,g6m2_mid_load,1.0,58.0,33.0,0.98,1.02,57,60,7,142
2025-03-16 15:48:00,1.8192716836929321,G6M2,g6m2_mid_load,1.0,58.0,33.0,0.98,1.02,57,60,7,142
2025-03-16 15:49:00,1.8210300207138062,G6M2,g6m2_mid_load,1.0,58.0,33.0,0.98,1.02,57,60,7,142
2025-03-16 15:50:00,1.8203049898147583,G6M2,g6m2_mid_load,1.0,58.0,33.0,0.98,1.02,57,60,7,142
2025-03-16 15:51:00,1.8226016759872437,G6M2,g6m2_mid_load,1.0,58.0,33.0,0.98,1.02,57,60,7,142
2025-03-16 15:52:00,1.8227916955947876,G6M2,g6m2_mid_load,1.0,58.0,33.0,0.98,1.02,57,60,7,142
2025-03-16 15:53:00,1.8245916366577148,G6M2,g6m2_mid_load,1.0,58.0,33.0,0.98,1.02,57,60,7,142
2025-03-16 15:54:00,1.8230199813842773,G6M2,g6m2_mid_load,1.0,58.0,33.0,0.98,1.02,57,60,7,142
2025-03-16 15:55:00,1.8223016262054443,G6M2,g6m2_mid_load,1.0,58.0,33.0,0.98,1.02,57,60,7,142
2025-03-16 15:56:00,1.8223832845687866,G6M2,g6m2_mid_load,1.0,58.0,33.0,0.98,1.02,57,60,7,142
2025-03-16 15:57:00,1.8220282793045044,G6M2,g6m2_mid_load,1.0,58.0,33.0,0.98,1.02,57,60,7,142
2025-03-16 15:58:00,1.8214900493621826,G6M2,g6m2_mid_load,1.0,58.0,33.0,0.98,1.02,57,60,7,142
2025-03-16 15:59:00,1.8206266164779663,G6M2,g6m2_mid_load,1.0,58.0,33.0,0.98,1.02,57,60,7,142
2025-03-16 16:00:00,1.8204632997512817,G6M2,g6m2_mid_load,1.0,58.0,33.0,0.98,1.02,57,60,7,142
2025-03-16 16:01:00,1.8207333087921143,G6M2,g6m2_mid_load,1.0,58.0,33.0,0.98,1.02,57,60,7,142
2025-03-16 16:02:00,1.820739984512329,G6M2,g6m2_mid_load,1.0,58.0,33.0,0.98,1.02,57,60,7,142
2025-03-16 16:03:00,1.8209483623504639,G6M2,g6m2_mid_load,1.0,58.0,33.0,0.98,1.02,57,60,7,142
2025-03-16 16:04:00,1.8208849430084229,G6M2,g6m2_mid_load,1.0,58.0,33.0,0.98,1.02,57,60,7,142
2025-03-16 16:05:00,1.8220133781433105,G6M2,g6m2_mid_load,1.0,58.0,33.0,0.98,1.02,57,60,7,142
2025-03-16 16:06:00,1.8222533464431763,G6M2,g6m2_mid_load,1.0,58.0,33.0,0.98,1.02,57,60,7,142
2025-03-16 16:07:00,1.8226850032806396,G6M2,g6m2_mid_load,1.0,58.0,33.0,0.98,1.02,57,60,7,142
2025-03-16 16:08:00,1.8227100372314453,G6M2,g6m2_mid_load,1.0,58.0,33.0,0.98,1.02,57,60,7,142
2025-03-16 16:09:00,1.8230016231536865,G6M2,g6m2_mid_load,1.0,58.0,33.0,0.98,1.02,57,60,7,142
2025-03-16 16:10:00,1.8228716850280762,G6M2,g6m2_mid_load,1.0,58.0,33.0,0.98,1.02,57,60,7,142
2025-03-16 16:11:00,1.8227399587631226,G6M2,g6m2_mid_load,1.0,58.0,33.0,0.98,1.02,57,60,7,142
2025-03-16 16:12:00,1.8203649520874023,G6M2,g6m2_mid_load,1.0,58.0,33.0,0.98,1.02,57,60,7,142
2025-03-16 16:13:00,1.8200716972351074,G6M2,g6m2_mid_load,1.0,58.0,33.0,0.98,1.02,57,60,7,142
2025-03-16 16:14:00,1.8224250078201294,G6M2,g6m2_mid_load,1.0,58.0,33.0,0.98,1.02,57,60,7,142
2025-03-16 16:15:00,1.8202183246612549,G6M2,g6m2_mid_load,1.0,58.0,33.0,0.98,1.02,57,60,7,142
2025-03-16 16:16:00,1.8207999467849731,G6M2,g6m2_mid_load,1.0,58.0,33.0,0.98,1.02,57,60,7,142
2025-03-16 16:17:00,1.820823311805725,G6M2,g6m2_mid_load,1.0,58.0,33.0,0.98,1.02,57,60,7,142
2025-03-16 16:18:00,1.8212549686431885,G6M2,g6m2_mid_load,1.0,58.0,33.0,0.98,1.02,57,60,7,142
2025-03-16 16:19:00,1.8209999799728394,G6M2,g6m2_mid_load,1.0,58.0,33.0,0.98,1.02,57,60,7,142
2025-03-16 16:20:00,1.8208683729171753,G6M2,g6m2_mid_load,1.0,58.0,33.0,0.98,1.02,57,60,7,142
2025-03-16 16:21:00,1.8214666843414307,G6M2,g6m2_mid_load,1.0,58.0,33.0,0.98,1.02,57,60,7,142
2025-03-16 16:22:00,1.8221917152404785,G6M2,g6m2_mid_load,1.0,58.0,33.0,0.98,1.02,57,60,7,142
2025-03-16 16:23:00,1.822659969329834,G6M2,g6m2_mid_load,1.0,58.0,33.0,0.98,1.02,57,60,7,142
2025-03-16 16:24:00,1.822973370552063,G6M2,g6m2_mid_load,1.0,58.0,33.0,0.98,1.02,57,60,7,142
2025-03-16 16:25:00,1.8219883441925049,G6M2,g6m2_mid_load,1.0,58.0,33.0,0.98,1.02,57,60,7,142
2025-03-16 16:26:00,1.822243332862854,G6M2,g6m2_mid_load,1.0,58.0,33.0,0.98,1.02,57,60,7,142
2025-03-16 16:27:00,1.822291612625122,G6M2,g6m2_mid_load,1.0,58.0,33.0,0.98,1.02,57,60,7,142
2025-03-16 16:28:00,1.8219549655914307,G6M2,g6m2_mid_load,1.0,58.0,33.0,0.98,1.02,57,60,7,142
2025-03-16 16:29:00,1.8211899995803833,G6M2,g6m2_mid_load,1.0,58.0,33.0,0.98,1.02,57,60,7,142
2025-03-16 16:30:00,1.8208082914352417,G6M2,g6m2_mid_load,1.0,58.0,33.0,0.98,1.02,57,60,7,142
2025-03-16 16:31:00,1.820021629333496,G6M2,g6m2_mid_load,1.0,58.0,33.0,0.98,1.02,57,60,7,142
2025-03-16 16:32:00,1.821001648902893,G6M2,g6m2_mid_load,1.0,58.0,33.0,0.98,1.02,57,60,7,142
2025-03-16 16:33:00,1.820556640625,G6M2,g6m2_mid_load,1.0,58.0,33.0,0.98,1.02,57,60,7,142
2025-03-16 16:34:00,1.820739984512329,G6M2,g6m2_mid_load,1.0,58.0,33.0,0.98,1.02,57,60,7,142
2025-03-16 16:35:00,1.8222416639328003,G6M2,g6m2_mid_load,1.0,58.0,33.0,0.98,1.02,57,60,7,142
2025-03-16 16:36:00,1.821655035018921,G6M2,g6m2_mid_load,1.0,58.0,33.0,0.98,1.02,57,60,7,142
2025-03-16 16:37:00,1.822266697883606,G6M2,g6m2_mid_load,1.0,58.0,33.0,0.98,1.02,57,60,7,142
2025-03-16 16:38:00,1.8241117000579834,G6M2,g6m2_mid_load,1.0,58.0,33.0,0.98,1.02,57,60,7,142
2025-03-16 16:39:00,1.8226350545883179,G6M2,g6m2_mid_load,1.0,58.0,33.0,0.98,1.02,57,60,7,142
2025-03-16 16:40:00,1.8227250576019287,G6M2,g6m2_mid_load,1.0,58.0,33.0,0.98,1.02,57,60,7,142
2025-03-16 16:41:00,1.8218616247177124,G6M2,g6m2_mid_load,1.0,58.0,33.0,0.98,1.02,57,60,7,142
2025-03-16 16:42:00,1.8216233253479004,G6M2,g6m2_mid_load,1.0,58.0,33.0,0.98,1.02,57,60,7,142
2025-03-16 16:43:00,1.8211883306503296,G6M2,g6m2_mid_load,1.0,58.0,33.0,0.98,1.02,57,60,7,142
2025-03-16 16:44:00,1.8208832740783691,G6M2,g6m2_mid_load,1.0,58.0,33.0,0.98,1.02,57,60,7,142
2025-03-16 16:45:00,1.8208132982254028,G6M2,g6m2_mid_load,1.0,58.0,33.0,0.98,1.02,57,60,7,142
2025-03-16 16:46:00,1.8202617168426514,G6M2,g6m2_mid_load,1.0,58.0,33.0,0.98,1.02,57,60,7,142
2025-03-16 16:47:00,1.8212167024612427,G6M2,g6m2_mid_load,1.0,58.0,33.0,0.98,1.02,57,60,7,142
2025-03-16 16:48:00,1.821441650390625,G6M2,g6m2_mid_load,1.0,58.0,33.0,0.98,1.02,57,60,7,142
2025-03-16 16:49:00,1.8218733072280884,G6M2,g6m2_mid_load,1.0,58.0,33.0,0.98,1.02,57,60,7,142
2025-03-16 16:50:00,1.8229566812515259,G6M2,g6m2_mid_load,1.0,58.0,33.0,0.98,1.02,57,60,7,142
2025-03-16 16:51:00,1.8231366872787476,G6M2,g6m2_mid_load,1.0,58.0,33.0,0.98,1.02,57,60,7,142
2025-03-16 16:52:00,1.8230717182159424,G6M2,g6m2_mid_load,1.0,58.0,33.0,0.98,1.02,57,60,7,142
2025-03-16 16:53:00,1.8231849670410156,G6M2,g6m2_mid_load,1.0,58.0,33.0,0.98,1.02,57,60,7,142
2025-03-16 16:54:00,1.822938323020935,G6M2,g6m2_mid_load,1.0,58.0,33.0,0.98,1.02,57,60,7,142
2025-03-16 16:55:00,1.822361707687378,G6M2,g6m2_mid_load,1.0,58.0,33.0,0.98,1.02,57,60,7,142
2025-03-16 16:56:00,1.8227466344833374,G6M2,g6m2_mid_load,1.0,58.0,33.0,0.98,1.02,57,60,7,142
2025-03-16 16:57:00,1.821624994277954,G6M2,g6m2_mid_load,1.0,58.0,33.0,0.98,1.02,57,60,7,142
2025-03-16 16:58:00,1.8206067085266113,G6M2,g6m2_mid_load,1.0,58.0,33.0,0.98,1.02,57,60,7,142
2025-03-16 22:01:00,1.827223300933838,G6M2,g6m2_mid_load,1.0,58.0,33.0,0.98,1.02,57,60,7,142
2025-03-16 22:02:00,1.8260666131973267,G6M2,g6m2_mid_load,1.0,58.0,33.0,0.98,1.02,57,60,7,142
2025-03-16 22:03:00,1.8250850439071655,G6M2,g6m2_mid_load,1.0,58.0,33.0,0.98,1.02,57,60,7,142
2025-03-16 22:04:00,1.822291612625122,G6M2,g6m2_mid_load,1.0,58.0,33.0,0.98,1.02,57,60,7,142
2025-03-16 22:05:00,1.819806694984436,G6M2,g6m2_mid_load,1.0,58.0,33.0,0.98,1.02,57,60,7,142
2025-03-16 22:06:00,1.8204532861709595,G6M2,g6m2_mid_load,1.0,58.0,33.0,0.98,1.02,57,60,7,142
2025-03-16 22:07:00,1.8216116428375244,G6M2,g6m2_mid_load,1.0,58.0,33.0,0.98,1.02,57,60,7,142
2025-03-16 22:08:00,1.8223483562469482,G6M2,g6m2_mid_load,1.0,58.0,33.0,0.98,1.02,57,60,7,142
2025-03-16 22:09:00,1.8217616081237793,G6M2,g6m2_mid_load,1.0,58.0,33.0,0.98,1.02,57,60,7,142
