Iref,Tref,OHref,count
0.27919936627149583,56.27393703460693,7.912567592682216,6718
0.27919936627149583,56.27393703460693,10.545460204831123,5910
0.27919936627149583,56.27393703460693,14.054443090574567,5848
0.27919936627149583,56.27393703460693,5.937031167220405,5720
0.9318831941485405,58.66364498138428,33.27039475163772,5024
0.27919936627149583,56.27393703460693,24.963751433716485,4573
0.27919936627149583,56.871364021301275,18.73103371019383,4484
0.27919936627149583,56.27393703460693,18.73103371019383,4399
0.27919936627149583,56.871364021301275,10.545460204831123,4387
0.27919936627149583,56.871364021301275,24.963751433716485,4038
0.27919936627149583,55.6765100479126,5.937031167220405,4008
0.9318831941485405,58.66364498138428,7.912567592682216,3961
0.27919936627149583,56.27393703460693,33.27039475163772,3961
0.27919936627149583,55.6765100479126,4.4547283378843066,3827
0.9318831941485405,58.66364498138428,24.963751433716485,3764
0.27919936627149583,56.871364021301275,59.09546606215296,3739
0.27919936627149583,56.27393703460693,4.4547283378843066,3674
0.9318831941485405,58.66364498138428,5.937031167220405,3653
0.27919936627149583,56.871364021301275,33.27039475163772,3600
0.9318831941485405,58.66364498138428,10.545460204831123,3592
0.27919936627149583,56.871364021301275,7.912567592682216,3570
0.27919936627149583,56.871364021301275,44.3410586693624,3523
0.27919936627149583,55.6765100479126,7.912567592682216,3406
0.9318831941485405,58.66364498138428,44.3410586693624,3391
0.9318831941485405,58.66364498138428,14.054443090574567,3380
0.27919936627149583,56.871364021301275,78.75937593515485,3180
0.27919936627149583,56.871364021301275,14.054443090574567,3175
0.9318831941485405,58.66364498138428,4.4547283378843066,2860
0.27919936627149583,56.871364021301275,5.937031167220405,2821
0.27919936627149583,57.468791007995605,139.89380235481525,2669
0.27919936627149583,55.6765100479126,18.73103371019383,2628
0.27919936627149583,55.6765100479126,10.545460204831123,2593
0.27919936627149583,55.079083061218256,3.3425131190005715,2588
0.9318831941485405,59.26107196807861,33.27039475163772,2551
0.9318831941485405,58.66364498138428,18.73103371019383,2453
0.27919936627149583,55.6765100479126,3.3425131190005715,2359
0.27919936627149583,54.481656074523926,3.3425131190005715,2333
0.27919936627149583,55.6765100479126,24.963751433716485,2261
0.27919936627149583,55.6765100479126,14.054443090574567,2252
0.9318831941485405,59.26107196807861,24.963751433716485,2201
0.27919936627149583,56.27393703460693,44.3410586693624,2195
0.9318831941485405,58.66364498138428,3.3425131190005715,2182
0.27919936627149583,57.468791007995605,59.09546606215296,2157
0.9318831941485405,58.66364498138428,59.09546606215296,2135
0.27919936627149583,55.079083061218256,7.912567592682216,2102
0.27919936627149583,57.468791007995605,18.73103371019383,2091
0.9318831941485405,59.26107196807861,10.545460204831123,2091
0.27919936627149583,55.079083061218256,5.937031167220405,2043
0.27919936627149583,55.079083061218256,4.4547283378843066,1960
0.27919936627149583,57.468791007995605,104.96641639429792,1932
0.27919936627149583,56.871364021301275,4.4547283378843066,1894
0.9318831941485405,59.26107196807861,14.054443090574567,1857
0.27919936627149583,56.27393703460693,3.3425131190005715,1826
0.27919936627149583,57.468791007995605,44.3410586693624,1821
0.27919936627149583,57.468791007995605,78.75937593515485,1820
0.9318831941485405,59.26107196807861,7.912567592682216,1784
0.9318831941485405,58.66364498138428,2.507985471454598,1755
0.9318831941485405,59.26107196807861,5.937031167220405,1724
0.27919936627149583,57.468791007995605,14.054443090574567,1687
0.27919936627149583,57.468791007995605,24.963751433716485,1684
0.27919936627149583,57.468791007995605,33.27039475163772,1661
0.27919936627149583,57.468791007995605,7.912567592682216,1578
0.9318831941485405,58.66364498138428,78.75937593515485,1578
0.27919936627149583,58.066217994689936,44.3410586693624,1572
0.27919936627149583,55.079083061218256,10.545460204831123,1551
0.9318831941485405,59.26107196807861,4.4547283378843066,1503
0.9318831941485405,59.26107196807861,18.73103371019383,1494
0.9318831941485405,59.26107196807861,44.3410586693624,1474
0.27919936627149583,55.6765100479126,44.3410586693624,1443
0.27919936627149583,53.884229087829596,3.3425131190005715,1426
0.9318831941485405,58.66364498138428,1.8818149401633706,1401
0.27919936627149583,57.468791007995605,10.545460204831123,1296
0.27919936627149583,55.6765100479126,33.27039475163772,1291
0.27919936627149583,56.27393703460693,59.09546606215296,1212
0.27919936627149583,53.884229087829596,2.507985471454598,1172
0.9318831941485405,59.26107196807861,3.3425131190005715,1149
0.27919936627149583,56.871364021301275,3.3425131190005715,1134
0.27919936627149583,53.28680210113525,2.507985471454598,1110
0.9318831941485405,59.26107196807861,59.09546606215296,1058
0.27919936627149583,57.468791007995605,5.937031167220405,1049
0.9318831941485405,59.26107196807861,2.507985471454598,1004
0.27919936627149583,54.481656074523926,4.4547283378843066,988
0.27919936627149583,58.066217994689936,14.054443090574567,969
0.27919936627149583,54.481656074523926,2.507985471454598,959
0.9318831941485405,58.66364498138428,104.96641639429792,952
0.27919936627149583,58.066217994689936,18.73103371019383,951
0.27919936627149583,52.68937511444092,2.507985471454598,904
0.9318831941485405,58.66364498138428,1.4119808544856542,846
0.27919936627149583,58.066217994689936,33.27039475163772,844
0.27919936627149583,58.066217994689936,24.963751433716485,837
0.27919936627149583,53.28680210113525,3.3425131190005715,819
0.9862735131382941,59.26107196807861,5.937031167220405,817
0.33358968526124955,57.468791007995605,14.054443090574567,813
0.27919936627149583,58.066217994689936,59.09546606215296,796
0.33358968526124955,57.468791007995605,104.96641639429792,783
0.27919936627149583,55.079083061218256,2.507985471454598,762
0.27919936627149583,52.091948127746576,2.507985471454598,753
0.9318831941485405,59.26107196807861,1.8818149401633706,703
0.27919936627149583,51.494521141052246,2.507985471454598,690
0.9318831941485405,58.66364498138428,1.0594505819264861,661
0.27919936627149583,58.66364498138428,33.27039475163772,661
0.27919936627149583,56.871364021301275,139.89380235481525,651
0.27919936627149583,56.871364021301275,104.96641639429792,649
0.9318831941485405,59.26107196807861,78.75937593515485,648
0.33358968526124955,58.066217994689936,7.912567592682216,633
0.33358968526124955,57.468791007995605,18.73103371019383,631
0.27919936627149583,58.066217994689936,10.545460204831123,629
0.33358968526124955,58.066217994689936,10.545460204831123,624
0.27919936627149583,56.27393703460693,2.507985471454598,602
0.9862735131382941,59.26107196807861,4.4547283378843066,590
0.8774928751587867,58.66364498138428,33.27039475163772,587
0.27919936627149583,50.29966716766357,1.8818149401633706,584
0.33358968526124955,58.066217994689936,33.27039475163772,582
0.27919936627149583,55.079083061218256,14.054443090574567,580
0.27919936627149583,57.468791007995605,4.4547283378843066,579
0.27919936627149583,54.481656074523926,5.937031167220405,573
0.27919936627149583,55.6765100479126,59.09546606215296,566
0.27919936627149583,50.897094154357916,2.507985471454598,563
0.9862735131382941,59.26107196807861,18.73103371019383,551
0.27919936627149583,52.68937511444092,3.3425131190005715,549
0.9318831941485405,59.26107196807861,1.4119808544856542,548
0.33358968526124955,57.468791007995605,78.75937593515485,548
0.33358968526124955,57.468791007995605,24.963751433716485,546
0.27919936627149583,50.897094154357916,1.8818149401633706,545
0.33358968526124955,56.871364021301275,33.27039475163772,541
0.8774928751587867,59.26107196807861,14.054443090574567,532
0.9318831941485405,59.26107196807861,104.96641639429792,529
0.33358968526124955,56.871364021301275,24.963751433716485,508
0.33358968526124955,56.871364021301275,5.937031167220405,508
0.33358968526124955,57.468791007995605,7.912567592682216,507
0.27919936627149583,51.494521141052246,1.8818149401633706,499
0.27919936627149583,58.066217994689936,7.912567592682216,497
0.33358968526124955,57.468791007995605,33.27039475163772,496
0.33358968526124955,57.468791007995605,10.545460204831123,490
0.27919936627149583,50.29966716766357,2.507985471454598,485
0.9862735131382941,59.26107196807861,10.545460204831123,485
0.27919936627149583,56.871364021301275,2.507985471454598,485
0.9862735131382941,59.26107196807861,7.912567592682216,482
0.8774928751587867,58.66364498138428,7.912567592682216,475
0.8774928751587867,59.26107196807861,7.912567592682216,466
0.8774928751587867,58.66364498138428,24.963751433716485,459
0.9862735131382941,59.26107196807861,14.054443090574567,457
0.9862735131382941,59.26107196807861,24.963751433716485,453
0.27919936627149583,57.468791007995605,3.3425131190005715,450
0.33358968526124955,58.066217994689936,104.96641639429792,449
0.33358968526124955,57.468791007995605,44.3410586693624,447
0.8774928751587867,58.66364498138428,14.054443090574567,445
0.27919936627149583,53.884229087829596,4.4547283378843066,445
0.33358968526124955,57.468791007995605,5.937031167220405,444
0.9318831941485405,58.66364498138428,0.7949367953386608,442
0.8774928751587867,59.26107196807861,5.937031167220405,441
0.27919936627149583,52.091948127746576,1.8818149401633706,441
0.9862735131382941,58.66364498138428,14.054443090574567,440
0.33358968526124955,57.468791007995605,3.3425131190005715,433
0.33358968526124955,57.468791007995605,4.4547283378843066,432
0.9862735131382941,59.26107196807861,3.3425131190005715,421
0.9862735131382941,58.66364498138428,24.963751433716485,419
0.8774928751587867,58.66364498138428,44.3410586693624,417
0.8774928751587867,58.66364498138428,5.937031167220405,414
0.33358968526124955,58.066217994689936,18.73103371019383,410
0.33358968526124955,58.066217994689936,14.054443090574567,408
0.33358968526124955,56.871364021301275,14.054443090574567,408
0.27919936627149583,58.066217994689936,78.75937593515485,405
0.27919936627149583,55.6765100479126,2.507985471454598,404
0.33358968526124955,56.27393703460693,10.545460204831123,403
0.8774928751587867,58.66364498138428,10.545460204831123,402
0.9862735131382941,58.66364498138428,5.937031167220405,397
0.823102556169033,58.66364498138428,33.27039475163772,392
0.27919936627149583,52.091948127746576,3.3425131190005715,388
0.9862735131382941,59.26107196807861,33.27039475163772,388
0.9862735131382941,58.66364498138428,10.545460204831123,386
0.9862735131382941,58.66364498138428,33.27039475163772,378
0.33358968526124955,57.468791007995605,59.09546606215296,374
0.9318831941485405,59.26107196807861,0.7949367953386608,374
0.9862735131382941,58.66364498138428,44.3410586693624,370
0.33358968526124955,58.066217994689936,44.3410586693624,370
0.8774928751587867,59.26107196807861,33.27039475163772,369
0.33358968526124955,58.066217994689936,5.937031167220405,362
0.9318831941485405,59.858498954772955,33.27039475163772,357
0.9318831941485405,59.858498954772955,24.963751433716485,356
0.33358968526124955,58.66364498138428,10.545460204831123,355
0.8774928751587867,59.26107196807861,44.3410586693624,352
0.33358968526124955,56.871364021301275,3.3425131190005715,351
0.27919936627149583,56.27393703460693,78.75937593515485,351
0.9862735131382941,58.66364498138428,4.4547283378843066,344
0.9862735131382941,58.66364498138428,7.912567592682216,343
1.3126154270768167,58.66364498138428,18.73103371019383,342
0.823102556169033,59.26107196807861,33.27039475163772,340
0.9862735131382941,59.26107196807861,2.507985471454598,339
0.27919936627149583,58.066217994689936,5.937031167220405,333
0.33358968526124955,58.066217994689936,3.3425131190005715,333
0.27919936627149583,55.079083061218256,18.73103371019383,331
0.33358968526124955,58.66364498138428,33.27039475163772,328
0.8774928751587867,58.66364498138428,18.73103371019383,326
0.33358968526124955,56.27393703460693,44.3410586693624,320
0.33358968526124955,56.871364021301275,4.4547283378843066,316
0.27919936627149583,56.27393703460693,1.8818149401633706,315
0.9318831941485405,59.26107196807861,1.0594505819264861,315
0.9862735131382941,59.26107196807861,44.3410586693624,315
0.33358968526124955,57.468791007995605,2.507985471454598,310
0.33358968526124955,58.66364498138428,7.912567592682216,309
0.8774928751587867,59.26107196807861,18.73103371019383,309
0.33358968526124955,58.066217994689936,4.4547283378843066,305
0.7687122371792794,59.26107196807861,33.27039475163772,302
0.33358968526124955,56.871364021301275,10.545460204831123,301
0.9862735131382941,59.26107196807861,1.8818149401633706,298
1.0950541511178016,59.26107196807861,18.73103371019383,297
1.4757863840460779,58.066217994689936,18.73103371019383,295
0.8774928751587867,59.26107196807861,24.963751433716485,294
0.27919936627149583,58.66364498138428,44.3410586693624,292
0.33358968526124955,58.066217994689936,24.963751433716485,287
0.27919936627149583,52.68937511444092,1.8818149401633706,282
0.27919936627149583,55.6765100479126,78.75937593515485,282
1.4757863840460779,58.066217994689936,24.963751433716485,281
0.9318831941485405,60.455925941467285,24.963751433716485,278
0.33358968526124955,58.66364498138428,14.054443090574567,276
0.823102556169033,58.66364498138428,24.963751433716485,276
0.823102556169033,58.66364498138428,44.3410586693624,275
0.9318831941485405,59.858498954772955,14.054443090574567,274
0.8774928751587867,58.66364498138428,78.75937593515485,274
0.33358968526124955,56.871364021301275,7.912567592682216,272
0.33358968526124955,58.66364498138428,104.96641639429792,272
0.9862735131382941,59.26107196807861,1.4119808544856542,267
0.823102556169033,59.26107196807861,44.3410586693624,267
0.27919936627149583,57.468791007995605,2.507985471454598,266
0.27919936627149583,51.494521141052246,3.3425131190005715,265
0.33358968526124955,58.066217994689936,59.09546606215296,265
0.9862735131382941,58.66364498138428,18.73103371019383,264
0.8774928751587867,58.66364498138428,4.4547283378843066,263
0.27919936627149583,58.66364498138428,18.73103371019383,262
0.33358968526124955,58.66364498138428,44.3410586693624,260
0.9318831941485405,59.858498954772955,10.545460204831123,257
0.7143219181895256,59.858498954772955,7.912567592682216,252
0.9318831941485405,58.66364498138428,0.5964643555475893,248
0.7143219181895256,59.858498954772955,14.054443090574567,247
0.7687122371792794,58.66364498138428,33.27039475163772,247
0.8774928751587867,58.66364498138428,59.09546606215296,246
0.33358968526124955,58.66364498138428,24.963751433716485,245
0.33358968526124955,58.66364498138428,59.09546606215296,244
0.8774928751587867,59.26107196807861,10.545460204831123,243
0.33358968526124955,58.66364498138428,5.937031167220405,243
0.823102556169033,58.66364498138428,7.912567592682216,240
0.9318831941485405,59.858498954772955,7.912567592682216,239
0.9318831941485405,58.066217994689936,7.912567592682216,238
0.27919936627149583,53.28680210113525,4.4547283378843066,235
0.823102556169033,58.66364498138428,14.054443090574567,233
0.7143219181895256,59.26107196807861,7.912567592682216,233
0.9318831941485405,59.858498954772955,4.4547283378843066,232
0.33358968526124955,56.871364021301275,59.09546606215296,232
0.9318831941485405,60.455925941467285,33.27039475163772,229
0.27919936627149583,58.066217994689936,4.4547283378843066,228
0.27919936627149583,58.66364498138428,59.09546606215296,227
0.33358968526124955,56.871364021301275,18.73103371019383,226
0.8774928751587867,58.66364498138428,3.3425131190005715,223
0.9318831941485405,59.858498954772955,44.3410586693624,220
0.33358968526124955,58.066217994689936,2.507985471454598,220
0.9318831941485405,59.858498954772955,5.937031167220405,219
0.33358968526124955,58.66364498138428,4.4547283378843066,218
0.33358968526124955,58.66364498138428,18.73103371019383,216
0.9862735131382941,58.66364498138428,3.3425131190005715,215
0.33358968526124955,58.066217994689936,78.75937593515485,212
0.27919936627149583,58.066217994689936,104.96641639429792,212
0.9318831941485405,60.455925941467285,44.3410586693624,211
0.9318831941485405,60.455925941467285,14.054443090574567,211
0.823102556169033,58.66364498138428,10.545460204831123,210
0.9318831941485405,59.858498954772955,18.73103371019383,208
0.9318831941485405,60.455925941467285,10.545460204831123,208
1.3126154270768167,58.66364498138428,3.3425131190005715,207
0.823102556169033,58.66364498138428,5.937031167220405,206
0.8774928751587867,59.26107196807861,4.4547283378843066,206
0.27919936627149583,58.66364498138428,14.054443090574567,204
0.823102556169033,59.26107196807861,104.96641639429792,204
0.27919936627149583,55.079083061218256,1.8818149401633706,204
0.7143219181895256,59.26107196807861,14.054443090574567,202
0.9862735131382941,59.26107196807861,1.0594505819264861,201
0.9862735131382941,58.66364498138428,2.507985471454598,200
0.27919936627149583,56.871364021301275,1.8818149401633706,199
0.27919936627149583,53.28680210113525,1.8818149401633706,198
0.33358968526124955,59.26107196807861,14.054443090574567,197
0.8774928751587867,59.26107196807861,78.75937593515485,193
0.33358968526124955,56.27393703460693,3.3425131190005715,193
0.823102556169033,59.26107196807861,24.963751433716485,193
0.27919936627149583,50.897094154357916,3.3425131190005715,192
0.8774928751587867,58.66364498138428,104.96641639429792,192
0.823102556169033,58.66364498138428,18.73103371019383,191
0.27919936627149583,59.26107196807861,59.09546606215296,190
0.33358968526124955,59.26107196807861,33.27039475163772,184
0.823102556169033,58.66364498138428,4.4547283378843066,184
0.27919936627149583,58.066217994689936,3.3425131190005715,183
0.9318831941485405,58.066217994689936,4.4547283378843066,182
0.8774928751587867,58.66364498138428,2.507985471454598,181
0.7687122371792794,58.66364498138428,24.963751433716485,177
0.7143219181895256,58.66364498138428,33.27039475163772,177
0.9318831941485405,60.455925941467285,7.912567592682216,176
0.27919936627149583,58.66364498138428,24.963751433716485,175
0.8774928751587867,59.26107196807861,59.09546606215296,174
0.33358968526124955,58.066217994689936,1.8818149401633706,174
0.27919936627149583,56.27393703460693,1.4119808544856542,174
0.33358968526124955,56.27393703460693,4.4547283378843066,174
0.33358968526124955,56.871364021301275,2.507985471454598,173
0.33358968526124955,56.27393703460693,14.054443090574567,172
0.8774928751587867,59.26107196807861,104.96641639429792,171
0.9318831941485405,58.066217994689936,14.054443090574567,169
0.9318831941485405,58.066217994689936,5.937031167220405,169
0.9318831941485405,58.066217994689936,33.27039475163772,168
0.8774928751587867,59.26107196807861,3.3425131190005715,165
0.27919936627149583,56.27393703460693,139.89380235481525,165
0.8774928751587867,59.858498954772955,14.054443090574567,164
0.33358968526124955,56.27393703460693,7.912567592682216,162
0.7687122371792794,58.66364498138428,44.3410586693624,160
0.33358968526124955,57.468791007995605,1.8818149401633706,159
0.7687122371792794,58.66364498138428,10.545460204831123,158
0.27919936627149583,54.481656074523926,7.912567592682216,158
0.33358968526124955,59.26107196807861,7.912567592682216,157
0.823102556169033,59.26107196807861,59.09546606215296,156
0.7687122371792794,58.66364498138428,7.912567592682216,156
0.823102556169033,58.66364498138428,104.96641639429792,156
0.9318831941485405,60.455925941467285,4.4547283378843066,156
0.9318831941485405,60.455925941467285,18.73103371019383,155
0.33358968526124955,55.6765100479126,10.545460204831123,155
1.0950541511178016,58.66364498138428,18.73103371019383,155
0.823102556169033,58.66364498138428,59.09546606215296,154
0.33358968526124955,59.26107196807861,24.963751433716485,154
0.823102556169033,58.66364498138428,3.3425131190005715,154
0.33358968526124955,56.27393703460693,5.937031167220405,151
0.33358968526124955,58.66364498138428,3.3425131190005715,151
0.9318831941485405,59.858498954772955,3.3425131190005715,150
0.27919936627149583,58.66364498138428,10.545460204831123,149
0.9318831941485405,59.858498954772955,59.09546606215296,148
0.9862735131382941,60.455925941467285,14.054443090574567,146
0.33358968526124955,56.27393703460693,24.963751433716485,145
1.0950541511178016,58.66364498138428,4.4547283378843066,144
0.27919936627149583,53.884229087829596,1.8818149401633706,144
0.9862735131382941,59.26107196807861,0.7949367953386608,144
0.9318831941485405,59.26107196807861,0.5964643555475893,143
0.27919936627149583,58.66364498138428,7.912567592682216,143
0.27919936627149583,55.079083061218256,33.27039475163772,142
0.823102556169033,58.66364498138428,78.75937593515485,142
1.0950541511178016,59.26107196807861,4.4547283378843066,142
0.33358968526124955,58.66364498138428,2.507985471454598,141
0.27919936627149583,58.066217994689936,2.507985471454598,140
0.823102556169033,59.26107196807861,78.75937593515485,138
0.7143219181895256,59.26107196807861,33.27039475163772,137
0.33358968526124955,59.26107196807861,10.545460204831123,136
0.9318831941485405,58.066217994689936,24.963751433716485,136
0.33358968526124955,56.27393703460693,33.27039475163772,136
0.9318831941485405,60.455925941467285,59.09546606215296,135
0.27919936627149583,56.871364021301275,1.4119808544856542,135
0.823102556169033,59.26107196807861,10.545460204831123,135
0.9318831941485405,60.455925941467285,5.937031167220405,134
0.8774928751587867,59.858498954772955,5.937031167220405,134
0.823102556169033,59.26107196807861,14.054443090574567,133
0.823102556169033,59.26107196807861,5.937031167220405,133
0.823102556169033,59.26107196807861,3.3425131190005715,133
0.7687122371792794,59.26107196807861,14.054443090574567,131
0.9318831941485405,61.053352928161615,24.963751433716485,131
0.27919936627149583,52.68937511444092,10.545460204831123,131
0.33358968526124955,58.66364498138428,78.75937593515485,131
0.823102556169033,59.26107196807861,7.912567592682216,131
1.4757863840460779,58.066217994689936,2.507985471454598,131
0.27919936627149583,57.468791007995605,1.4119808544856542,130
0.27919936627149583,52.091948127746576,10.545460204831123,129
0.9318831941485405,58.66364498138428,139.89380235481525,129
0.27919936627149583,52.68937511444092,4.4547283378843066,129
0.7687122371792794,58.66364498138428,4.4547283378843066,128
1.4757863840460779,58.66364498138428,24.963751433716485,128
0.7143219181895256,58.66364498138428,14.054443090574567,128
0.9318831941485405,59.858498954772955,104.96641639429792,128
0.27919936627149583,50.29966716766357,3.3425131190005715,127
0.9862735131382941,59.858498954772955,4.4547283378843066,127
0.9318831941485405,58.066217994689936,10.545460204831123,126
0.27919936627149583,58.66364498138428,5.937031167220405,125
0.27919936627149583,54.481656074523926,10.545460204831123,124
0.7687122371792794,58.66364498138428,14.054443090574567,123
0.9318831941485405,59.858498954772955,2.507985471454598,123
0.7687122371792794,58.66364498138428,104.96641639429792,123
0.6599315991997718,58.66364498138428,33.27039475163772,123
0.7687122371792794,58.66364498138428,18.73103371019383,123
0.27919936627149583,57.468791007995605,1.8818149401633706,121
0.8774928751587867,59.858498954772955,33.27039475163772,121
0.27919936627149583,52.091948127746576,14.054443090574567,121
0.823102556169033,59.26107196807861,18.73103371019383,120
0.9862735131382941,59.858498954772955,14.054443090574567,119
0.8774928751587867,58.66364498138428,1.8818149401633706,118
0.33358968526124955,59.26107196807861,5.937031167220405,118
0.27919936627149583,55.6765100479126,1.8818149401633706,118
0.33358968526124955,56.27393703460693,2.507985471454598,118
0.27919936627149583,50.29966716766357,1.4119808544856542,117
0.27919936627149583,54.481656074523926,1.8818149401633706,117
0.9318831941485405,60.455925941467285,3.3425131190005715,116
0.823102556169033,58.66364498138428,2.507985471454598,115
0.9318831941485405,58.066217994689936,3.3425131190005715,115
0.9862735131382941,60.455925941467285,7.912567592682216,114
0.9318831941485405,59.858498954772955,78.75937593515485,114
0.9318831941485405,61.053352928161615,14.054443090574567,113
0.823102556169033,59.858498954772955,33.27039475163772,112
0.9862735131382941,58.66364498138428,1.8818149401633706,112
0.9318831941485405,61.053352928161615,10.545460204831123,111
0.8774928751587867,59.26107196807861,1.8818149401633706,111
0.9862735131382941,60.455925941467285,10.545460204831123,111
0.9862735131382941,58.66364498138428,0.7949367953386608,110
0.9862735131382941,60.455925941467285,5.937031167220405,110
0.49676064223051075,59.26107196807861,10.545460204831123,110
0.9862735131382941,59.26107196807861,59.09546606215296,110
0.33358968526124955,58.066217994689936,1.4119808544856542,109
0.7687122371792794,58.66364498138428,5.937031167220405,109
0.7143219181895256,58.66364498138428,44.3410586693624,108
0.7143219181895256,58.66364498138428,24.963751433716485,108
0.27919936627149583,56.871364021301275,1.0594505819264861,108
0.49676064223051075,56.871364021301275,10.545460204831123,108
0.8774928751587867,59.858498954772955,18.73103371019383,108
0.33358968526124955,58.66364498138428,1.8818149401633706,107
0.33358968526124955,59.26107196807861,59.09546606215296,106
0.7687122371792794,59.26107196807861,44.3410586693624,106
0.49676064223051075,58.66364498138428,10.545460204831123,105
0.9862735131382941,60.455925941467285,24.963751433716485,105
0.9862735131382941,60.455925941467285,3.3425131190005715,105
0.9862735131382941,58.66364498138428,59.09546606215296,105
1.4757863840460779,58.066217994689936,1.8818149401633706,105
0.33358968526124955,59.26107196807861,3.3425131190005715,105
0.7687122371792794,59.26107196807861,24.963751433716485,105
0.9318831941485405,58.066217994689936,18.73103371019383,104
0.7687122371792794,58.66364498138428,78.75937593515485,104
0.9862735131382941,60.455925941467285,33.27039475163772,104
0.33358968526124955,59.26107196807861,18.73103371019383,104
0.9862735131382941,59.858498954772955,10.545460204831123,103
0.7687122371792794,58.66364498138428,59.09546606215296,103
0.823102556169033,58.066217994689936,24.963751433716485,103
0.9318831941485405,59.858498954772955,1.8818149401633706,102
0.27919936627149583,58.66364498138428,78.75937593515485,101
0.823102556169033,58.066217994689936,33.27039475163772,100
0.7687122371792794,59.26107196807861,78.75937593515485,100
0.8774928751587867,59.858498954772955,44.3410586693624,99
0.7687122371792794,58.066217994689936,24.963751433716485,98
0.9318831941485405,60.455925941467285,0.5964643555475893,98
0.27919936627149583,55.079083061218256,1.4119808544856542,98
0.9318831941485405,60.455925941467285,2.507985471454598,97
0.823102556169033,59.26107196807861,4.4547283378843066,97
0.49676064223051075,55.6765100479126,14.054443090574567,96
0.33358968526124955,55.6765100479126,4.4547283378843066,96
0.8774928751587867,59.26107196807861,2.507985471454598,96
0.8774928751587867,60.455925941467285,24.963751433716485,95
0.9862735131382941,59.858498954772955,3.3425131190005715,95
0.9318831941485405,61.053352928161615,44.3410586693624,94
0.9862735131382941,60.455925941467285,4.4547283378843066,94
0.33358968526124955,59.26107196807861,104.96641639429792,93
0.6055412802100182,58.66364498138428,33.27039475163772,93
0.7687122371792794,58.66364498138428,3.3425131190005715,93
0.8774928751587867,59.858498954772955,7.912567592682216,92
0.9862735131382941,59.26107196807861,0.5964643555475893,92
0.27919936627149583,50.897094154357916,1.4119808544856542,92
0.7143219181895256,59.26107196807861,24.963751433716485,92
0.7143219181895256,58.66364498138428,10.545460204831123,92
0.38798000425100326,57.468791007995605,5.937031167220405,92
0.8774928751587867,59.858498954772955,24.963751433716485,91
0.27919936627149583,53.884229087829596,10.545460204831123,91
0.9318831941485405,61.053352928161615,7.912567592682216,91
0.27919936627149583,53.28680210113525,10.545460204831123,91
0.9862735131382941,60.455925941467285,2.507985471454598,91
0.9318831941485405,58.066217994689936,2.507985471454598,91
0.7143219181895256,58.66364498138428,7.912567592682216,91
0.9862735131382941,58.66364498138428,1.4119808544856542,90
0.49676064223051075,56.27393703460693,14.054443090574567,90
0.8774928751587867,60.455925941467285,33.27039475163772,89
0.33358968526124955,59.858498954772955,33.27039475163772,89
0.9862735131382941,59.858498954772955,7.912567592682216,89
0.33358968526124955,57.468791007995605,1.4119808544856542,88
0.33358968526124955,59.26107196807861,4.4547283378843066,88
0.9318831941485405,61.053352928161615,33.27039475163772,88
0.27919936627149583,59.26107196807861,33.27039475163772,87
0.823102556169033,59.858498954772955,24.963751433716485,87
0.33358968526124955,59.26107196807861,44.3410586693624,87
0.9318831941485405,60.455925941467285,78.75937593515485,87
0.7687122371792794,59.26107196807861,104.96641639429792,87
0.7687122371792794,59.858498954772955,33.27039475163772,87
0.7143219181895256,58.066217994689936,33.27039475163772,86
0.8774928751587867,58.66364498138428,1.4119808544856542,86
0.8774928751587867,58.066217994689936,24.963751433716485,86
0.7687122371792794,59.26107196807861,59.09546606215296,85
0.6599315991997718,59.26107196807861,33.27039475163772,85
0.9862735131382941,59.858498954772955,24.963751433716485,85
0.33358968526124955,58.66364498138428,1.4119808544856542,85
0.8774928751587867,58.066217994689936,33.27039475163772,85
0.33358968526124955,55.6765100479126,7.912567592682216,85
0.38798000425100326,58.066217994689936,3.3425131190005715,84
0.7143219181895256,58.66364498138428,5.937031167220405,83
0.49676064223051075,58.066217994689936,7.912567592682216,83
0.27919936627149583,59.26107196807861,24.963751433716485,83
0.33358968526124955,57.468791007995605,139.89380235481525,83
0.33358968526124955,56.871364021301275,44.3410586693624,83
0.9862735131382941,59.858498954772955,2.507985471454598,82
0.9318831941485405,59.858498954772955,0.5964643555475893,82
0.7687122371792794,59.26107196807861,4.4547283378843066,82
0.7687122371792794,58.066217994689936,33.27039475163772,82
0.7143219181895256,58.66364498138428,78.75937593515485,81
0.7143219181895256,58.066217994689936,14.054443090574567,81
0.9318831941485405,58.066217994689936,44.3410586693624,81
0.823102556169033,60.455925941467285,33.27039475163772,81
0.9862735131382941,59.858498954772955,5.937031167220405,81
0.38798000425100326,58.066217994689936,33.27039475163772,80
1.4757863840460779,57.468791007995605,24.963751433716485,80
0.8774928751587867,58.66364498138428,1.0594505819264861,80
0.27919936627149583,55.6765100479126,1.4119808544856542,80
1.4757863840460779,58.66364498138428,18.73103371019383,79
0.6599315991997718,58.66364498138428,24.963751433716485,79
0.442370323240757,58.066217994689936,33.27039475163772,78
0.33358968526124955,59.858498954772955,14.054443090574567,78
0.33358968526124955,55.6765100479126,5.937031167220405,78
0.7143219181895256,59.26107196807861,78.75937593515485,78
0.49676064223051075,57.468791007995605,10.545460204831123,78
0.9318831941485405,61.053352928161615,4.4547283378843066,78
0.8774928751587867,59.26107196807861,1.4119808544856542,77
0.8774928751587867,59.858498954772955,10.545460204831123,77
0.6599315991997718,58.66364498138428,44.3410586693624,77
0.823102556169033,58.066217994689936,14.054443090574567,76
0.5511509612202644,58.66364498138428,33.27039475163772,76
0.7143219181895256,58.66364498138428,4.4547283378843066,76
0.8774928751587867,59.858498954772955,4.4547283378843066,76
0.8774928751587867,60.455925941467285,44.3410586693624,76
0.27919936627149583,53.884229087829596,5.937031167220405,75
0.27919936627149583,52.091948127746576,4.4547283378843066,75
0.823102556169033,58.66364498138428,1.8818149401633706,75
0.8774928751587867,58.066217994689936,14.054443090574567,75
0.38798000425100326,58.066217994689936,7.912567592682216,75
0.9862735131382941,58.66364498138428,1.0594505819264861,75
1.3126154270768167,58.66364498138428,4.4547283378843066,74
0.33358968526124955,59.26107196807861,78.75937593515485,74
0.823102556169033,59.858498954772955,44.3410586693624,74
0.33358968526124955,57.468791007995605,1.0594505819264861,74
0.7143219181895256,58.066217994689936,5.937031167220405,74
0.6599315991997718,58.066217994689936,33.27039475163772,74
0.7143219181895256,59.26107196807861,10.545460204831123,73
0.7143219181895256,58.66364498138428,59.09546606215296,73
0.5511509612202644,58.066217994689936,7.912567592682216,73
0.27919936627149583,59.26107196807861,18.73103371019383,73
0.33358968526124955,59.26107196807861,2.507985471454598,73
0.7687122371792794,59.26107196807861,5.937031167220405,73
0.7687122371792794,59.26107196807861,10.545460204831123,73
0.8774928751587867,58.066217994689936,10.545460204831123,72
0.7143219181895256,59.26107196807861,104.96641639429792,72
0.33358968526124955,59.858498954772955,7.912567592682216,72
0.7687122371792794,59.26107196807861,7.912567592682216,72
0.9318831941485405,60.455925941467285,1.8818149401633706,72
0.27919936627149583,58.066217994689936,1.8818149401633706,72
0.27919936627149583,53.28680210113525,14.054443090574567,71
0.27919936627149583,58.066217994689936,139.89380235481525,71
0.9862735131382941,60.455925941467285,18.73103371019383,71
0.7143219181895256,58.66364498138428,104.96641639429792,71
0.9862735131382941,59.858498954772955,33.27039475163772,71
0.33358968526124955,54.481656074523926,3.3425131190005715,70
0.5511509612202644,58.066217994689936,33.27039475163772,70
0.823102556169033,58.066217994689936,7.912567592682216,70
1.3126154270768167,58.066217994689936,18.73103371019383,70
1.0950541511178016,59.26107196807861,5.937031167220405,70
0.38798000425100326,58.066217994689936,4.4547283378843066,70
0.9862735131382941,59.858498954772955,18.73103371019383,70
0.7143219181895256,59.26107196807861,44.3410586693624,70
0.7143219181895256,58.66364498138428,18.73103371019383,69
0.33358968526124955,59.858498954772955,24.963751433716485,69
0.6599315991997718,58.066217994689936,24.963751433716485,69
0.27919936627149583,58.66364498138428,2.507985471454598,69
0.7687122371792794,59.26107196807861,18.73103371019383,69
0.6599315991997718,59.26107196807861,24.963751433716485,69
0.33358968526124955,55.6765100479126,2.507985471454598,69
0.7143219181895256,58.066217994689936,24.963751433716485,69
0.8774928751587867,58.066217994689936,5.937031167220405,68
0.7143219181895256,58.066217994689936,10.545460204831123,68
0.8774928751587867,58.066217994689936,4.4547283378843066,68
0.49676064223051075,58.066217994689936,10.545460204831123,68
0.38798000425100326,58.66364498138428,7.912567592682216,68
0.7143219181895256,59.858498954772955,33.27039475163772,68
0.823102556169033,60.455925941467285,24.963751433716485,68
0.7687122371792794,59.858498954772955,78.75937593515485,68
0.33358968526124955,58.066217994689936,1.0594505819264861,67
0.5511509612202644,58.066217994689936,10.545460204831123,67
0.9318831941485405,59.858498954772955,1.4119808544856542,67
0.38798000425100326,57.468791007995605,4.4547283378843066,66
0.38798000425100326,57.468791007995605,7.912567592682216,66
0.49676064223051075,58.066217994689936,14.054443090574567,66
0.9862735131382941,61.053352928161615,14.054443090574567,66
0.7143219181895256,59.26107196807861,5.937031167220405,66
0.6055412802100182,59.26107196807861,33.27039475163772,66
0.6599315991997718,58.66364498138428,14.054443090574567,66
0.8774928751587867,58.066217994689936,7.912567592682216,65
0.6599315991997718,58.66364498138428,7.912567592682216,65
0.823102556169033,58.066217994689936,10.545460204831123,65
0.8774928751587867,60.455925941467285,14.054443090574567,65
0.7687122371792794,58.066217994689936,44.3410586693624,65
0.38798000425100326,58.066217994689936,18.73103371019383,65
0.823102556169033,60.455925941467285,44.3410586693624,65
0.7687122371792794,58.066217994689936,14.054443090574567,65
0.823102556169033,58.066217994689936,4.4547283378843066,65
0.6599315991997718,58.66364498138428,5.937031167220405,64
0.49676064223051075,57.468791007995605,7.912567592682216,64
0.442370323240757,58.066217994689936,7.912567592682216,64
0.27919936627149583,57.468791007995605,1.0594505819264861,64
0.33358968526124955,58.66364498138428,1.0594505819264861,64
0.27919936627149583,58.66364498138428,104.96641639429792,64
0.27919936627149583,58.66364498138428,4.4547283378843066,64
0.49676064223051075,57.468791007995605,14.054443090574567,64
0.27919936627149583,59.26107196807861,44.3410586693624,64
0.823102556169033,59.858498954772955,5.937031167220405,63
0.38798000425100326,57.468791007995605,3.3425131190005715,63
0.27919936627149583,58.66364498138428,3.3425131190005715,63
0.823102556169033,59.858498954772955,14.054443090574567,63
1.4757863840460779,57.468791007995605,18.73103371019383,62
0.9318831941485405,61.053352928161615,18.73103371019383,62
0.38798000425100326,57.468791007995605,33.27039475163772,62
0.9318831941485405,59.26107196807861,139.89380235481525,62
0.7687122371792794,59.26107196807861,3.3425131190005715,62
0.7687122371792794,58.066217994689936,5.937031167220405,61
0.5511509612202644,59.26107196807861,33.27039475163772,61
0.823102556169033,59.26107196807861,2.507985471454598,61
0.8774928751587867,59.858498954772955,78.75937593515485,61
0.6055412802100182,58.66364498138428,24.963751433716485,61
0.6599315991997718,58.66364498138428,10.545460204831123,61
0.33358968526124955,59.858498954772955,18.73103371019383,61
0.6599315991997718,58.66364498138428,18.73103371019383,61
0.33358968526124955,55.079083061218256,3.3425131190005715,61
0.6055412802100182,58.66364498138428,44.3410586693624,60
0.9318831941485405,60.455925941467285,1.4119808544856542,60
0.8774928751587867,59.858498954772955,59.09546606215296,60
0.27919936627149583,52.68937511444092,1.4119808544856542,60
0.5511509612202644,58.66364498138428,7.912567592682216,60
0.49676064223051075,59.26107196807861,7.912567592682216,60
0.33358968526124955,59.26107196807861,1.8818149401633706,60
0.823102556169033,59.858498954772955,7.912567592682216,59
0.6055412802100182,58.066217994689936,33.27039475163772,59
0.823102556169033,59.26107196807861,1.8818149401633706,59
0.8774928751587867,60.455925941467285,4.4547283378843066,59
0.38798000425100326,58.66364498138428,10.545460204831123,59
0.8774928751587867,59.858498954772955,3.3425131190005715,59
0.823102556169033,58.66364498138428,1.4119808544856542,59
0.33358968526124955,59.858498954772955,10.545460204831123,59
0.823102556169033,59.858498954772955,104.96641639429792,59
0.6599315991997718,58.66364498138428,104.96641639429792,58
0.27919936627149583,54.481656074523926,1.4119808544856542,58
0.38798000425100326,58.066217994689936,5.937031167220405,58
0.9318831941485405,60.455925941467285,104.96641639429792,58
0.823102556169033,58.066217994689936,5.937031167220405,58
0.5511509612202644,58.66364498138428,14.054443090574567,58
0.6599315991997718,59.858498954772955,33.27039475163772,57
0.49676064223051075,58.066217994689936,33.27039475163772,57
0.49676064223051075,58.66364498138428,33.27039475163772,57
0.7687122371792794,58.066217994689936,7.912567592682216,57
0.7143219181895256,59.858498954772955,5.937031167220405,57
0.6055412802100182,58.066217994689936,5.937031167220405,57
0.7687122371792794,58.066217994689936,4.4547283378843066,57
0.9318831941485405,61.053352928161615,5.937031167220405,57
0.7687122371792794,59.858498954772955,18.73103371019383,57
0.8774928751587867,60.455925941467285,10.545460204831123,56
0.5511509612202644,58.066217994689936,18.73103371019383,56
0.7143219181895256,59.26107196807861,18.73103371019383,56
0.6055412802100182,58.66364498138428,18.73103371019383,56
0.27919936627149583,56.27393703460693,1.0594505819264861,56
0.33358968526124955,56.871364021301275,1.8818149401633706,55
0.6055412802100182,58.066217994689936,7.912567592682216,55
0.7687122371792794,60.455925941467285,33.27039475163772,55
0.7143219181895256,59.26107196807861,4.4547283378843066,55
0.823102556169033,58.066217994689936,44.3410586693624,55
0.8774928751587867,59.858498954772955,104.96641639429792,55
0.7143219181895256,58.066217994689936,7.912567592682216,55
0.5511509612202644,58.66364498138428,24.963751433716485,55
0.7687122371792794,58.066217994689936,10.545460204831123,55
0.6055412802100182,58.66364498138428,5.937031167220405,55
0.27919936627149583,56.871364021301275,0.7949367953386608,55
0.6599315991997718,58.066217994689936,5.937031167220405,54
0.442370323240757,58.66364498138428,44.3410586693624,54
0.6599315991997718,58.066217994689936,7.912567592682216,54
0.49676064223051075,58.66364498138428,7.912567592682216,54
0.7687122371792794,58.66364498138428,2.507985471454598,54
0.49676064223051075,58.66364498138428,24.963751433716485,54
0.27919936627149583,51.494521141052246,1.4119808544856542,54
0.33358968526124955,59.858498954772955,59.09546606215296,54
0.6055412802100182,58.066217994689936,10.545460204831123,54
0.6055412802100182,58.066217994689936,44.3410586693624,54
0.6599315991997718,58.066217994689936,18.73103371019383,53
0.38798000425100326,58.066217994689936,10.545460204831123,53
0.27919936627149583,55.079083061218256,1.0594505819264861,53
0.9862735131382941,61.053352928161615,10.545460204831123,53
0.7687122371792794,59.858498954772955,24.963751433716485,53
0.9862735131382941,61.053352928161615,7.912567592682216,53
0.823102556169033,59.858498954772955,3.3425131190005715,53
0.6055412802100182,58.066217994689936,24.963751433716485,53
0.9318831941485405,61.053352928161615,59.09546606215296,53
0.5511509612202644,59.858498954772955,33.27039475163772,53
0.8774928751587867,60.455925941467285,18.73103371019383,52
0.9318831941485405,61.053352928161615,2.507985471454598,52
0.33358968526124955,56.27393703460693,1.4119808544856542,52
0.6055412802100182,58.066217994689936,14.054443090574567,52
0.9862735131382941,60.455925941467285,1.4119808544856542,52
0.442370323240757,58.066217994689936,10.545460204831123,52
0.442370323240757,58.066217994689936,14.054443090574567,52
0.5511509612202644,59.26107196807861,14.054443090574567,52
0.9318831941485405,58.066217994689936,59.09546606215296,51
0.9862735131382941,60.455925941467285,1.8818149401633706,51
0.7143219181895256,59.26107196807861,59.09546606215296,51
0.9318831941485405,58.066217994689936,1.8818149401633706,51
0.8774928751587867,59.858498954772955,2.507985471454598,51
0.6599315991997718,58.66364498138428,3.3425131190005715,50
0.5511509612202644,58.066217994689936,14.054443090574567,50
1.0950541511178016,59.26107196807861,3.3425131190005715,50
0.5511509612202644,58.066217994689936,44.3410586693624,50
0.27919936627149583,53.884229087829596,1.4119808544856542,50
0.6599315991997718,58.066217994689936,4.4547283378843066,50
0.49676064223051075,56.871364021301275,14.054443090574567,50
0.7687122371792794,58.066217994689936,18.73103371019383,50
0.8774928751587867,58.066217994689936,44.3410586693624,50
0.27919936627149583,58.66364498138428,1.8818149401633706,49
0.5511509612202644,58.66364498138428,44.3410586693624,49
0.442370323240757,58.66364498138428,24.963751433716485,49
0.6599315991997718,58.066217994689936,10.545460204831123,49
0.5511509612202644,58.066217994689936,5.937031167220405,49
0.823102556169033,59.858498954772955,59.09546606215296,49
0.38798000425100326,57.468791007995605,24.963751433716485,49
0.7143219181895256,58.066217994689936,4.4547283378843066,49
0.8774928751587867,58.066217994689936,3.3425131190005715,48
0.442370323240757,58.066217994689936,18.73103371019383,48
0.7143219181895256,58.066217994689936,18.73103371019383,48
0.9862735131382941,60.455925941467285,0.5964643555475893,48
0.5511509612202644,57.468791007995605,33.27039475163772,48
0.9318831941485405,59.858498954772955,0.7949367953386608,48
0.38798000425100326,57.468791007995605,18.73103371019383,48
0.38798000425100326,57.468791007995605,14.054443090574567,48
1.3126154270768167,58.066217994689936,3.3425131190005715,48
0.7143219181895256,58.66364498138428,3.3425131190005715,48
1.3126154270768167,59.26107196807861,18.73103371019383,48
0.27919936627149583,54.481656074523926,1.0594505819264861,47
0.823102556169033,59.858498954772955,4.4547283378843066,47
0.27919936627149583,53.28680210113525,1.4119808544856542,47
0.6055412802100182,58.66364498138428,14.054443090574567,47
0.442370323240757,57.468791007995605,24.963751433716485,47
0.8774928751587867,58.066217994689936,59.09546606215296,47
0.33358968526124955,59.858498954772955,104.96641639429792,47
0.6599315991997718,58.066217994689936,44.3410586693624,47
0.9318831941485405,61.053352928161615,3.3425131190005715,47
0.7143219181895256,58.066217994689936,44.3410586693624,47
0.38798000425100326,57.468791007995605,44.3410586693624,47
0.7687122371792794,58.66364498138428,1.8818149401633706,47
0.8774928751587867,58.66364498138428,0.7949367953386608,46
0.38798000425100326,58.66364498138428,4.4547283378843066,46
0.38798000425100326,58.66364498138428,44.3410586693624,46
0.49676064223051075,58.066217994689936,44.3410586693624,46
0.6055412802100182,58.66364498138428,10.545460204831123,46
0.7687122371792794,58.066217994689936,3.3425131190005715,46
0.442370323240757,57.468791007995605,33.27039475163772,46
0.49676064223051075,55.079083061218256,14.054443090574567,46
0.6599315991997718,59.26107196807861,5.937031167220405,46
0.6599315991997718,59.26107196807861,14.054443090574567,46
0.7687122371792794,59.858498954772955,14.054443090574567,46
0.7143219181895256,58.066217994689936,59.09546606215296,46
0.38798000425100326,58.66364498138428,33.27039475163772,46
0.823102556169033,59.858498954772955,18.73103371019383,46
0.823102556169033,59.858498954772955,78.75937593515485,46
0.6599315991997718,58.066217994689936,14.054443090574567,45
0.5511509612202644,58.066217994689936,4.4547283378843066,45
0.33358968526124955,56.871364021301275,1.4119808544856542,45
0.823102556169033,60.455925941467285,14.054443090574567,45
0.38798000425100326,58.66364498138428,3.3425131190005715,45
0.33358968526124955,55.079083061218256,2.507985471454598,45
0.7687122371792794,59.858498954772955,44.3410586693624,45
0.442370323240757,58.66364498138428,33.27039475163772,44
0.33358968526124955,55.6765100479126,3.3425131190005715,44
0.7687122371792794,59.858498954772955,5.937031167220405,44
0.9318831941485405,58.066217994689936,78.75937593515485,44
0.7687122371792794,59.858498954772955,104.96641639429792,44
0.9318831941485405,60.455925941467285,0.7949367953386608,44
0.6599315991997718,58.66364498138428,4.4547283378843066,44
0.6599315991997718,59.26107196807861,104.96641639429792,44
0.33358968526124955,59.26107196807861,1.4119808544856542,44
0.8774928751587867,58.066217994689936,18.73103371019383,44
0.6055412802100182,58.66364498138428,78.75937593515485,44
0.33358968526124955,53.28680210113525,1.4119808544856542,44
0.5511509612202644,58.66364498138428,59.09546606215296,44
0.9318831941485405,61.053352928161615,78.75937593515485,44
0.38798000425100326,58.066217994689936,14.054443090574567,44
0.442370323240757,58.66364498138428,7.912567592682216,43
0.49676064223051075,58.066217994689936,24.963751433716485,43
0.38798000425100326,58.066217994689936,44.3410586693624,43
0.33358968526124955,53.884229087829596,2.507985471454598,43
0.38798000425100326,57.468791007995605,10.545460204831123,43
0.8774928751587867,60.455925941467285,5.937031167220405,43
0.38798000425100326,58.66364498138428,14.054443090574567,43
0.7687122371792794,60.455925941467285,24.963751433716485,43
0.49676064223051075,58.066217994689936,5.937031167220405,43
0.7687122371792794,59.858498954772955,10.545460204831123,43
0.33358968526124955,59.858498954772955,3.3425131190005715,43
0.33358968526124955,59.858498954772955,5.937031167220405,43
0.442370323240757,57.468791007995605,7.912567592682216,43
0.5511509612202644,58.066217994689936,24.963751433716485,42
0.38798000425100326,58.066217994689936,24.963751433716485,42
0.9862735131382941,59.858498954772955,44.3410586693624,42
0.442370323240757,57.468791007995605,44.3410586693624,42
0.442370323240757,58.066217994689936,5.937031167220405,42
0.442370323240757,58.066217994689936,24.963751433716485,42
0.6599315991997718,59.26107196807861,44.3410586693624,42
0.442370323240757,57.468791007995605,14.054443090574567,42
0.6599315991997718,58.66364498138428,78.75937593515485,42
0.9862735131382941,59.858498954772955,1.4119808544856542,41
0.7687122371792794,59.858498954772955,7.912567592682216,41
0.5511509612202644,59.858498954772955,14.054443090574567,41
0.8774928751587867,60.455925941467285,7.912567592682216,41
0.442370323240757,58.066217994689936,44.3410586693624,41
0.33358968526124955,55.6765100479126,1.8818149401633706,41
0.9862735131382941,59.858498954772955,1.8818149401633706,41
0.442370323240757,57.468791007995605,5.937031167220405,41
0.9862735131382941,60.455925941467285,44.3410586693624,40
0.38798000425100326,59.26107196807861,33.27039475163772,40
0.6599315991997718,59.26107196807861,78.75937593515485,40
0.442370323240757,57.468791007995605,18.73103371019383,40
0.27919936627149583,52.091948127746576,1.4119808544856542,40
0.823102556169033,59.858498954772955,10.545460204831123,40
0.6599315991997718,58.66364498138428,59.09546606215296,40
0.6599315991997718,57.468791007995605,24.963751433716485,40
0.442370323240757,58.066217994689936,3.3425131190005715,40
0.6599315991997718,59.26107196807861,7.912567592682216,40
0.442370323240757,58.066217994689936,59.09546606215296,40
0.6055412802100182,58.066217994689936,18.73103371019383,40
0.8774928751587867,58.66364498138428,0.5964643555475893,40
0.6055412802100182,59.26107196807861,24.963751433716485,40
0.6055412802100182,59.26107196807861,14.054443090574567,40
0.823102556169033,58.066217994689936,3.3425131190005715,40
0.6599315991997718,57.468791007995605,33.27039475163772,40
0.38798000425100326,58.66364498138428,59.09546606215296,40
0.6055412802100182,58.66364498138428,7.912567592682216,40
0.442370323240757,58.66364498138428,14.054443090574567,39
0.6055412802100182,58.66364498138428,59.09546606215296,39
0.49676064223051075,58.66364498138428,5.937031167220405,39
0.7143219181895256,57.468791007995605,24.963751433716485,39
0.6599315991997718,59.26107196807861,10.545460204831123,39
0.5511509612202644,58.66364498138428,5.937031167220405,39
0.49676064223051075,58.66364498138428,44.3410586693624,39
0.823102556169033,60.455925941467285,10.545460204831123,39
0.8774928751587867,59.26107196807861,0.7949367953386608,39
0.49676064223051075,56.27393703460693,10.545460204831123,39
0.27919936627149583,55.079083061218256,0.7949367953386608,38
0.27919936627149583,59.26107196807861,14.054443090574567,38
0.6055412802100182,59.26107196807861,10.545460204831123,38
0.9862735131382941,61.053352928161615,5.937031167220405,38
0.7143219181895256,58.066217994689936,3.3425131190005715,38
0.38798000425100326,57.468791007995605,59.09546606215296,38
0.38798000425100326,56.871364021301275,14.054443090574567,38
0.38798000425100326,56.871364021301275,4.4547283378843066,38
0.33358968526124955,56.871364021301275,78.75937593515485,38
0.38798000425100326,58.066217994689936,2.507985471454598,38
0.8774928751587867,59.26107196807861,1.0594505819264861,38
0.5511509612202644,57.468791007995605,24.963751433716485,38
0.7143219181895256,58.66364498138428,1.8818149401633706,38
0.27919936627149583,53.884229087829596,1.0594505819264861,37
0.27919936627149583,56.27393703460693,0.5964643555475893,37
0.49676064223051075,59.858498954772955,4.4547283378843066,37
0.442370323240757,56.871364021301275,33.27039475163772,37
0.38798000425100326,56.871364021301275,33.27039475163772,37
0.823102556169033,60.455925941467285,5.937031167220405,37
0.442370323240757,58.066217994689936,4.4547283378843066,37
0.49676064223051075,58.066217994689936,18.73103371019383,37
0.27919936627149583,59.26107196807861,78.75937593515485,37
0.8774928751587867,60.455925941467285,3.3425131190005715,37
0.6055412802100182,59.26107196807861,4.4547283378843066,37
0.49676064223051075,58.66364498138428,14.054443090574567,37
0.823102556169033,58.066217994689936,59.09546606215296,37
0.33358968526124955,59.858498954772955,4.4547283378843066,37
0.7143219181895256,57.468791007995605,33.27039475163772,37
0.49676064223051075,57.468791007995605,33.27039475163772,37
0.49676064223051075,57.468791007995605,24.963751433716485,36
0.38798000425100326,58.066217994689936,59.09546606215296,36
0.7687122371792794,60.455925941467285,5.937031167220405,36
0.9862735131382941,61.053352928161615,24.963751433716485,36
0.7687122371792794,60.455925941467285,78.75937593515485,36
0.5511509612202644,59.26107196807861,7.912567592682216,36
0.27919936627149583,50.29966716766357,1.0594505819264861,36
0.49676064223051075,59.858498954772955,33.27039475163772,36
0.33358968526124955,55.079083061218256,5.937031167220405,36
0.27919936627149583,59.26107196807861,7.912567592682216,36
0.6055412802100182,59.26107196807861,7.912567592682216,36
0.38798000425100326,58.66364498138428,5.937031167220405,35
0.6055412802100182,58.66364498138428,4.4547283378843066,35
0.823102556169033,60.455925941467285,78.75937593515485,35
0.6055412802100182,58.066217994689936,4.4547283378843066,35
0.7687122371792794,59.26107196807861,2.507985471454598,35
0.5511509612202644,58.66364498138428,10.545460204831123,35
0.38798000425100326,58.66364498138428,18.73103371019383,35
0.823102556169033,58.066217994689936,18.73103371019383,35
0.49676064223051075,58.066217994689936,4.4547283378843066,35
0.6055412802100182,59.26107196807861,18.73103371019383,35
0.7143219181895256,57.468791007995605,14.054443090574567,35
0.442370323240757,58.66364498138428,5.937031167220405,35
0.9862735131382941,59.858498954772955,0.5964643555475893,35
0.5511509612202644,59.26107196807861,24.963751433716485,35
0.38798000425100326,56.871364021301275,3.3425131190005715,34
0.7143219181895256,57.468791007995605,44.3410586693624,34
0.49676064223051075,59.26107196807861,33.27039475163772,34
0.49676064223051075,59.26107196807861,24.963751433716485,34
0.6055412802100182,57.468791007995605,33.27039475163772,34
0.5511509612202644,57.468791007995605,14.054443090574567,34
1.4757863840460779,58.66364498138428,2.507985471454598,34
0.5511509612202644,58.66364498138428,18.73103371019383,34
0.27919936627149583,55.6765100479126,1.0594505819264861,34
0.9862735131382941,61.053352928161615,44.3410586693624,34
0.6055412802100182,59.26107196807861,5.937031167220405,34
0.7143219181895256,59.858498954772955,10.545460204831123,34
0.49676064223051075,58.66364498138428,59.09546606215296,34
0.27919936627149583,58.66364498138428,139.89380235481525,34
0.27919936627149583,58.066217994689936,1.4119808544856542,34
0.6055412802100182,59.858498954772955,33.27039475163772,34
0.5511509612202644,57.468791007995605,10.545460204831123,33
0.7687122371792794,57.468791007995605,24.963751433716485,33
0.27919936627149583,52.68937511444092,14.054443090574567,33
0.27919936627149583,50.897094154357916,1.0594505819264861,33
0.6599315991997718,59.858498954772955,59.09546606215296,33
0.33358968526124955,59.858498954772955,2.507985471454598,33
0.7687122371792794,60.455925941467285,14.054443090574567,33
0.7687122371792794,58.066217994689936,59.09546606215296,33
0.7143219181895256,60.455925941467285,14.054443090574567,33
0.7143219181895256,58.66364498138428,2.507985471454598,33
0.9862735131382941,60.455925941467285,59.09546606215296,33
0.7687122371792794,58.066217994689936,78.75937593515485,33
0.49676064223051075,54.481656074523926,14.054443090574567,32
0.823102556169033,58.066217994689936,78.75937593515485,32
0.6055412802100182,59.26107196807861,59.09546606215296,32
0.823102556169033,59.858498954772955,2.507985471454598,32
0.33358968526124955,53.884229087829596,1.8818149401633706,32
0.7687122371792794,59.26107196807861,1.8818149401633706,32
0.38798000425100326,56.871364021301275,24.963751433716485,32
0.7687122371792794,59.858498954772955,59.09546606215296,32
0.9862735131382941,59.858498954772955,1.0594505819264861,32
0.33358968526124955,60.455925941467285,24.963751433716485,32
0.7143219181895256,59.858498954772955,18.73103371019383,32
0.38798000425100326,58.66364498138428,24.963751433716485,32
0.9862735131382941,61.053352928161615,33.27039475163772,32
0.33358968526124955,53.28680210113525,2.507985471454598,32
0.6055412802100182,58.066217994689936,3.3425131190005715,32
0.7143219181895256,59.26107196807861,3.3425131190005715,32
0.6055412802100182,58.66364498138428,3.3425131190005715,32
0.6055412802100182,58.066217994689936,59.09546606215296,32
0.6599315991997718,59.858498954772955,14.054443090574567,31
0.6599315991997718,59.858498954772955,3.3425131190005715,31
0.7687122371792794,60.455925941467285,18.73103371019383,31
0.6599315991997718,59.858498954772955,24.963751433716485,31
0.27919936627149583,59.26107196807861,5.937031167220405,31
0.6055412802100182,59.858498954772955,7.912567592682216,31
0.33358968526124955,56.27393703460693,1.8818149401633706,31
0.33358968526124955,59.858498954772955,44.3410586693624,31
0.442370323240757,57.468791007995605,10.545460204831123,31
0.7143219181895256,59.858498954772955,24.963751433716485,31
0.7143219181895256,60.455925941467285,18.73103371019383,31
0.8774928751587867,61.053352928161615,14.054443090574567,31
0.442370323240757,57.468791007995605,3.3425131190005715,31
0.33358968526124955,55.079083061218256,4.4547283378843066,31
0.8774928751587867,60.455925941467285,78.75937593515485,31
0.38798000425100326,56.871364021301275,5.937031167220405,31
0.6599315991997718,58.066217994689936,59.09546606215296,31
0.33358968526124955,59.858498954772955,1.8818149401633706,31
0.9318831941485405,58.066217994689936,1.4119808544856542,31
0.27919936627149583,51.494521141052246,10.545460204831123,31
1.4757863840460779,58.66364498138428,1.8818149401633706,30
0.27919936627149583,58.066217994689936,1.0594505819264861,30
0.9318831941485405,59.858498954772955,1.0594505819264861,30
0.33358968526124955,59.26107196807861,1.0594505819264861,30
0.33358968526124955,59.858498954772955,78.75937593515485,30
0.5511509612202644,58.66364498138428,4.4547283378843066,30
0.442370323240757,59.26107196807861,7.912567592682216,30
0.823102556169033,60.455925941467285,18.73103371019383,30
0.823102556169033,60.455925941467285,4.4547283378843066,30
0.9862735131382941,61.053352928161615,3.3425131190005715,30
0.7143219181895256,60.455925941467285,33.27039475163772,30
0.7143219181895256,59.858498954772955,4.4547283378843066,30
0.7143219181895256,59.858498954772955,78.75937593515485,30
0.49676064223051075,58.066217994689936,59.09546606215296,30
0.823102556169033,58.066217994689936,2.507985471454598,30
0.823102556169033,59.26107196807861,1.4119808544856542,30
0.27919936627149583,56.27393703460693,0.7949367953386608,30
0.33358968526124955,51.494521141052246,1.0594505819264861,30
0.9318831941485405,61.053352928161615,1.4119808544856542,29
0.33358968526124955,56.27393703460693,18.73103371019383,29
0.49676064223051075,58.66364498138428,18.73103371019383,29
0.5511509612202644,57.468791007995605,7.912567592682216,29
0.6055412802100182,59.26107196807861,44.3410586693624,29
0.49676064223051075,57.468791007995605,18.73103371019383,29
0.442370323240757,58.66364498138428,59.09546606215296,29
0.33358968526124955,51.494521141052246,1.8818149401633706,29
0.442370323240757,58.66364498138428,10.545460204831123,29
0.8774928751587867,58.066217994689936,1.8818149401633706,29
0.6055412802100182,57.468791007995605,7.912567592682216,29
0.8774928751587867,58.066217994689936,2.507985471454598,29
0.823102556169033,60.455925941467285,3.3425131190005715,29
0.6599315991997718,59.26107196807861,59.09546606215296,29
0.9862735131382941,59.858498954772955,59.09546606215296,29
0.823102556169033,58.66364498138428,1.0594505819264861,29
0.33358968526124955,60.455925941467285,33.27039475163772,29
0.7687122371792794,60.455925941467285,10.545460204831123,29
0.6055412802100182,57.468791007995605,24.963751433716485,29
0.442370323240757,57.468791007995605,4.4547283378843066,28
0.823102556169033,57.468791007995605,33.27039475163772,28
0.5511509612202644,57.468791007995605,18.73103371019383,28
0.38798000425100326,58.66364498138428,1.8818149401633706,28
0.8774928751587867,59.858498954772955,1.8818149401633706,28
0.8774928751587867,59.26107196807861,0.5964643555475893,28
0.6599315991997718,59.26107196807861,18.73103371019383,28
0.49676064223051075,56.871364021301275,24.963751433716485,28
0.49676064223051075,57.468791007995605,5.937031167220405,28
0.5511509612202644,59.26107196807861,44.3410586693624,28
0.8774928751587867,61.053352928161615,44.3410586693624,28
0.7687122371792794,57.468791007995605,14.054443090574567,28
0.9862735131382941,61.053352928161615,2.507985471454598,28
0.5511509612202644,59.26107196807861,4.4547283378843066,28
0.9862735131382941,60.455925941467285,1.0594505819264861,28
0.27919936627149583,53.28680210113525,1.0594505819264861,28
0.49676064223051075,53.884229087829596,14.054443090574567,28
0.5511509612202644,59.858498954772955,24.963751433716485,28
0.9318831941485405,60.455925941467285,1.0594505819264861,27
0.27919936627149583,59.858498954772955,24.963751433716485,27
1.3126154270768167,58.66364498138428,1.8818149401633706,27
0.38798000425100326,56.27393703460693,14.054443090574567,27
0.9862735131382941,61.053352928161615,18.73103371019383,27
0.33358968526124955,54.481656074523926,1.8818149401633706,27
0.8774928751587867,61.053352928161615,24.963751433716485,27
0.5511509612202644,58.066217994689936,59.09546606215296,27
0.7143219181895256,59.858498954772955,3.3425131190005715,27
0.9318831941485405,61.053352928161615,1.8818149401633706,27
0.7143219181895256,56.871364021301275,14.054443090574567,27
0.8774928751587867,61.053352928161615,33.27039475163772,27
0.8774928751587867,61.053352928161615,10.545460204831123,27
0.7687122371792794,60.455925941467285,7.912567592682216,27
0.442370323240757,56.27393703460693,7.912567592682216,27
0.9318831941485405,61.053352928161615,104.96641639429792,27
0.33358968526124955,55.6765100479126,14.054443090574567,27
0.823102556169033,59.858498954772955,1.8818149401633706,27
0.27919936627149583,51.494521141052246,1.0594505819264861,27
0.6599315991997718,59.858498954772955,5.937031167220405,27
0.6599315991997718,58.066217994689936,104.96641639429792,27
0.6599315991997718,58.66364498138428,2.507985471454598,27
0.6599315991997718,58.066217994689936,78.75937593515485,27
0.6599315991997718,57.468791007995605,44.3410586693624,27
0.7687122371792794,60.455925941467285,59.09546606215296,27
0.9862735131382941,61.053352928161615,4.4547283378843066,27
0.6055412802100182,58.066217994689936,78.75937593515485,27
0.7143219181895256,59.858498954772955,59.09546606215296,27
0.6055412802100182,58.66364498138428,104.96641639429792,27
0.5511509612202644,57.468791007995605,4.4547283378843066,27
0.823102556169033,60.455925941467285,59.09546606215296,26
0.8774928751587867,60.455925941467285,59.09546606215296,26
0.9862735131382941,60.455925941467285,0.7949367953386608,26
0.38798000425100326,58.66364498138428,78.75937593515485,26
0.38798000425100326,56.871364021301275,2.507985471454598,26
0.442370323240757,59.26107196807861,3.3425131190005715,26
0.27919936627149583,59.26107196807861,104.96641639429792,26
0.8774928751587867,60.455925941467285,104.96641639429792,26
0.9318831941485405,58.066217994689936,1.0594505819264861,26
0.49676064223051075,57.468791007995605,44.3410586693624,26
0.442370323240757,59.26107196807861,24.963751433716485,26
0.27919936627149583,59.26107196807861,10.545460204831123,26
0.6055412802100182,58.066217994689936,2.507985471454598,26
0.6055412802100182,59.858498954772955,24.963751433716485,26
0.49676064223051075,58.066217994689936,3.3425131190005715,26
0.442370323240757,59.26107196807861,33.27039475163772,26
0.6599315991997718,59.858498954772955,7.912567592682216,26
0.38798000425100326,59.26107196807861,7.912567592682216,26
0.5511509612202644,59.26107196807861,18.73103371019383,26
0.823102556169033,61.053352928161615,33.27039475163772,26
0.9318831941485405,57.468791007995605,14.054443090574567,26
0.442370323240757,58.66364498138428,18.73103371019383,25
0.33358968526124955,52.091948127746576,1.8818149401633706,25
0.38798000425100326,57.468791007995605,2.507985471454598,25
1.3126154270768167,58.66364498138428,2.507985471454598,25
0.442370323240757,58.66364498138428,3.3425131190005715,25
0.6055412802100182,57.468791007995605,14.054443090574567,25
0.7687122371792794,57.468791007995605,7.912567592682216,25
0.5511509612202644,59.26107196807861,59.09546606215296,25
0.9318831941485405,57.468791007995605,24.963751433716485,25
0.7687122371792794,58.66364498138428,1.0594505819264861,25
0.442370323240757,59.26107196807861,14.054443090574567,25
0.49676064223051075,59.26107196807861,4.4547283378843066,25
0.7687122371792794,59.858498954772955,3.3425131190005715,25
0.38798000425100326,59.26107196807861,3.3425131190005715,25
0.49676064223051075,53.28680210113525,14.054443090574567,25
0.6599315991997718,57.468791007995605,10.545460204831123,24
0.6599315991997718,59.26107196807861,3.3425131190005715,24
0.6599315991997718,60.455925941467285,5.937031167220405,24
0.442370323240757,59.858498954772955,33.27039475163772,24
0.49676064223051075,57.468791007995605,59.09546606215296,24
0.38798000425100326,58.066217994689936,1.8818149401633706,24
0.9318831941485405,57.468791007995605,5.937031167220405,24
0.33358968526124955,50.897094154357916,1.8818149401633706,24
0.38798000425100326,56.27393703460693,7.912567592682216,24
0.9862735131382941,61.053352928161615,0.5964643555475893,24
0.33358968526124955,53.28680210113525,1.8818149401633706,24
0.5511509612202644,59.26107196807861,5.937031167220405,24
0.7143219181895256,59.26107196807861,1.4119808544856542,24
0.7143219181895256,58.066217994689936,78.75937593515485,24
0.6599315991997718,57.468791007995605,14.054443090574567,24
0.8774928751587867,58.066217994689936,78.75937593515485,24
0.38798000425100326,58.66364498138428,2.507985471454598,24
0.33358968526124955,55.079083061218256,1.0594505819264861,24
0.5511509612202644,57.468791007995605,59.09546606215296,24
0.49676064223051075,59.26107196807861,14.054443090574567,24
0.6055412802100182,58.66364498138428,1.8818149401633706,24
0.7143219181895256,59.858498954772955,104.96641639429792,24
0.33358968526124955,55.6765100479126,18.73103371019383,24
0.6055412802100182,57.468791007995605,10.545460204831123,24
0.6055412802100182,57.468791007995605,18.73103371019383,24
0.5511509612202644,58.66364498138428,104.96641639429792,24
0.823102556169033,60.455925941467285,7.912567592682216,24
1.4757863840460779,57.468791007995605,2.507985471454598,23
0.7143219181895256,57.468791007995605,7.912567592682216,23
0.6599315991997718,59.26107196807861,4.4547283378843066,23
0.38798000425100326,59.26107196807861,14.054443090574567,23
0.38798000425100326,59.26107196807861,10.545460204831123,23
0.8774928751587867,60.455925941467285,2.507985471454598,23
0.6055412802100182,59.26107196807861,78.75937593515485,23
0.442370323240757,58.066217994689936,2.507985471454598,23
0.9318831941485405,60.455925941467285,139.89380235481525,23
0.49676064223051075,58.66364498138428,4.4547283378843066,23
0.442370323240757,56.871364021301275,24.963751433716485,23
0.5511509612202644,58.066217994689936,3.3425131190005715,23
0.5511509612202644,57.468791007995605,44.3410586693624,23
0.7687122371792794,59.858498954772955,4.4547283378843066,23
0.6055412802100182,57.468791007995605,5.937031167220405,23
0.7143219181895256,60.455925941467285,5.937031167220405,23
0.7143219181895256,59.858498954772955,44.3410586693624,23
0.7143219181895256,60.455925941467285,24.963751433716485,23
0.6055412802100182,57.468791007995605,44.3410586693624,23
0.33358968526124955,54.481656074523926,2.507985471454598,23
0.8774928751587867,61.053352928161615,5.937031167220405,23
0.38798000425100326,59.26107196807861,24.963751433716485,23
0.38798000425100326,59.858498954772955,7.912567592682216,23
0.6599315991997718,60.455925941467285,33.27039475163772,23
0.9862735131382941,59.858498954772955,0.7949367953386608,23
0.27919936627149583,54.481656074523926,0.5964643555475893,23
0.442370323240757,59.26107196807861,59.09546606215296,23
0.442370323240757,58.66364498138428,4.4547283378843066,22
0.27919936627149583,55.6765100479126,0.7949367953386608,22
0.5511509612202644,58.66364498138428,1.8818149401633706,22
0.7687122371792794,58.066217994689936,104.96641639429792,22
0.6055412802100182,57.468791007995605,59.09546606215296,22
0.7143219181895256,60.455925941467285,10.545460204831123,22
0.442370323240757,59.858498954772955,24.963751433716485,22
1.0950541511178016,58.66364498138428,5.937031167220405,22
0.8774928751587867,60.455925941467285,1.8818149401633706,22
0.6599315991997718,58.66364498138428,1.8818149401633706,22
0.6599315991997718,59.858498954772955,44.3410586693624,22
0.49676064223051075,58.66364498138428,3.3425131190005715,22
0.49676064223051075,59.26107196807861,59.09546606215296,22
0.823102556169033,58.066217994689936,1.8818149401633706,22
0.38798000425100326,59.26107196807861,5.937031167220405,22
0.6599315991997718,58.066217994689936,3.3425131190005715,22
0.442370323240757,56.871364021301275,14.054443090574567,22
0.7687122371792794,60.455925941467285,44.3410586693624,22
0.33358968526124955,56.871364021301275,1.0594505819264861,22
0.7143219181895256,59.26107196807861,2.507985471454598,22
0.6055412802100182,56.871364021301275,7.912567592682216,22
0.442370323240757,56.871364021301275,4.4547283378843066,22
0.7143219181895256,60.455925941467285,44.3410586693624,22
0.9318831941485405,57.468791007995605,10.545460204831123,22
0.38798000425100326,59.26107196807861,59.09546606215296,22
0.27919936627149583,57.468791007995605,0.7949367953386608,21
0.27919936627149583,52.091948127746576,1.0594505819264861,21
0.7143219181895256,59.26107196807861,1.8818149401633706,21
0.7143219181895256,57.468791007995605,5.937031167220405,21
0.6055412802100182,59.858498954772955,78.75937593515485,21
0.33358968526124955,58.066217994689936,0.7949367953386608,21
0.27919936627149583,53.28680210113525,0.7949367953386608,21
0.7143219181895256,58.066217994689936,104.96641639429792,21
0.33358968526124955,60.455925941467285,14.054443090574567,21
0.442370323240757,58.066217994689936,1.8818149401633706,21
0.6055412802100182,59.26107196807861,3.3425131190005715,21
0.6055412802100182,59.26107196807861,104.96641639429792,21
0.5511509612202644,59.858498954772955,59.09546606215296,21
0.7687122371792794,58.066217994689936,2.507985471454598,21
0.5511509612202644,58.66364498138428,3.3425131190005715,21
0.9862735131382941,61.053352928161615,1.8818149401633706,21
0.5511509612202644,59.26107196807861,3.3425131190005715,21
0.823102556169033,60.455925941467285,2.507985471454598,21
0.442370323240757,59.858498954772955,14.054443090574567,21
0.38798000425100326,56.27393703460693,24.963751433716485,21
0.9318831941485405,58.066217994689936,0.7949367953386608,21
0.442370323240757,59.26107196807861,2.507985471454598,21
0.7143219181895256,60.455925941467285,7.912567592682216,21
0.7687122371792794,60.455925941467285,3.3425131190005715,21
0.7687122371792794,57.468791007995605,10.545460204831123,21
0.38798000425100326,59.858498954772955,3.3425131190005715,21
0.9318831941485405,61.053352928161615,0.5964643555475893,21
0.5511509612202644,59.26107196807861,10.545460204831123,21
0.6599315991997718,60.455925941467285,24.963751433716485,20
0.27919936627149583,53.884229087829596,14.054443090574567,20
0.5511509612202644,58.66364498138428,2.507985471454598,20
0.38798000425100326,59.26107196807861,4.4547283378843066,20
0.5511509612202644,58.66364498138428,78.75937593515485,20
0.49676064223051075,56.871364021301275,7.912567592682216,20
0.8774928751587867,61.053352928161615,7.912567592682216,20
0.33358968526124955,53.884229087829596,3.3425131190005715,20
0.6055412802100182,56.871364021301275,33.27039475163772,20
0.6055412802100182,57.468791007995605,4.4547283378843066,20
0.442370323240757,56.871364021301275,10.545460204831123,20
0.33358968526124955,54.481656074523926,5.937031167220405,20
0.33358968526124955,55.079083061218256,1.4119808544856542,20
0.38798000425100326,58.066217994689936,78.75937593515485,20
0.6055412802100182,56.871364021301275,14.054443090574567,20
0.7687122371792794,57.468791007995605,33.27039475163772,20
0.7143219181895256,60.455925941467285,78.75937593515485,20
0.442370323240757,56.27393703460693,14.054443090574567,20
0.5511509612202644,57.468791007995605,5.937031167220405,20
0.6055412802100182,58.66364498138428,2.507985471454598,20
0.5511509612202644,56.871364021301275,24.963751433716485,20
0.7687122371792794,57.468791007995605,44.3410586693624,20
0.6599315991997718,57.468791007995605,59.09546606215296,20
0.7143219181895256,59.26107196807861,1.0594505819264861,20
0.33358968526124955,58.66364498138428,139.89380235481525,20
0.6599315991997718,57.468791007995605,5.937031167220405,20
0.823102556169033,58.066217994689936,1.4119808544856542,20
0.823102556169033,57.468791007995605,10.545460204831123,20
0.6599315991997718,57.468791007995605,7.912567592682216,20
0.6055412802100182,59.858498954772955,44.3410586693624,20
0.33358968526124955,60.455925941467285,7.912567592682216,20
0.6599315991997718,60.455925941467285,7.912567592682216,20
0.442370323240757,58.66364498138428,2.507985471454598,20
0.49676064223051075,58.066217994689936,1.4119808544856542,20
0.33358968526124955,52.091948127746576,1.4119808544856542,20
0.27919936627149583,59.26107196807861,4.4547283378843066,20
0.27919936627149583,53.884229087829596,0.7949367953386608,20
0.27919936627149583,50.29966716766357,0.7949367953386608,20
0.33358968526124955,53.884229087829596,1.4119808544856542,19
0.33358968526124955,52.68937511444092,1.8818149401633706,19
0.33358968526124955,53.28680210113525,0.7949367953386608,19
0.33358968526124955,52.68937511444092,1.4119808544856542,19
0.7687122371792794,59.858498954772955,2.507985471454598,19
0.38798000425100326,56.871364021301275,44.3410586693624,19
0.38798000425100326,56.27393703460693,4.4547283378843066,19
0.38798000425100326,59.858498954772955,14.054443090574567,19
0.38798000425100326,59.858498954772955,10.545460204831123,19
0.442370323240757,57.468791007995605,2.507985471454598,19
0.823102556169033,61.053352928161615,14.054443090574567,19
0.38798000425100326,56.871364021301275,10.545460204831123,19
0.49676064223051075,59.858498954772955,14.054443090574567,19
0.8774928751587867,57.468791007995605,24.963751433716485,19
0.442370323240757,58.66364498138428,1.8818149401633706,19
0.6055412802100182,56.871364021301275,24.963751433716485,19
0.9318831941485405,57.468791007995605,3.3425131190005715,19
0.8774928751587867,61.053352928161615,4.4547283378843066,19
0.823102556169033,57.468791007995605,24.963751433716485,19
0.6599315991997718,59.26107196807861,1.8818149401633706,19
0.27919936627149583,58.66364498138428,1.4119808544856542,19
0.6599315991997718,57.468791007995605,18.73103371019383,19
0.6599315991997718,56.871364021301275,7.912567592682216,19
0.823102556169033,57.468791007995605,14.054443090574567,19
0.49676064223051075,58.66364498138428,78.75937593515485,19
0.5511509612202644,58.066217994689936,78.75937593515485,19
0.7143219181895256,57.468791007995605,4.4547283378843066,19
0.5511509612202644,59.26107196807861,104.96641639429792,19
0.33358968526124955,59.858498954772955,1.4119808544856542,18
0.33358968526124955,53.884229087829596,0.7949367953386608,18
1.0950541511178016,59.26107196807861,2.507985471454598,18
0.27919936627149583,59.26107196807861,2.507985471454598,18
0.6599315991997718,59.858498954772955,78.75937593515485,18
0.33358968526124955,52.091948127746576,2.507985471454598,18
0.823102556169033,58.66364498138428,0.7949367953386608,18
0.8774928751587867,60.455925941467285,1.4119808544856542,18
0.8774928751587867,59.858498954772955,1.4119808544856542,18
0.6599315991997718,59.858498954772955,2.507985471454598,18
0.6599315991997718,59.858498954772955,4.4547283378843066,18
0.38798000425100326,56.871364021301275,59.09546606215296,18
0.7687122371792794,60.455925941467285,104.96641639429792,18
0.33358968526124955,56.27393703460693,59.09546606215296,18
0.38798000425100326,59.26107196807861,44.3410586693624,18
0.7687122371792794,57.468791007995605,18.73103371019383,18
0.38798000425100326,56.871364021301275,7.912567592682216,18
0.38798000425100326,57.468791007995605,78.75937593515485,18
0.9862735131382941,58.66364498138428,0.5964643555475893,18
0.49676064223051075,59.858498954772955,24.963751433716485,18
0.5511509612202644,57.468791007995605,3.3425131190005715,18
0.49676064223051075,58.066217994689936,78.75937593515485,18
0.6599315991997718,59.858498954772955,10.545460204831123,18
0.9318831941485405,57.468791007995605,33.27039475163772,18
0.6055412802100182,59.858498954772955,10.545460204831123,18
0.6055412802100182,59.858498954772955,14.054443090574567,18
0.7143219181895256,60.455925941467285,59.09546606215296,18
0.49676064223051075,56.871364021301275,33.27039475163772,18
0.49676064223051075,59.26107196807861,3.3425131190005715,18
0.7143219181895256,58.066217994689936,1.8818149401633706,18
0.442370323240757,58.066217994689936,78.75937593515485,18
0.7143219181895256,60.455925941467285,4.4547283378843066,18
0.49676064223051075,57.468791007995605,4.4547283378843066,18
0.49676064223051075,56.871364021301275,4.4547283378843066,18
0.442370323240757,58.66364498138428,78.75937593515485,18
0.6055412802100182,58.066217994689936,104.96641639429792,18
0.7687122371792794,57.468791007995605,5.937031167220405,17
0.38798000425100326,58.066217994689936,1.4119808544856542,17
1.3126154270768167,58.66364498138428,1.4119808544856542,17
0.7687122371792794,61.053352928161615,44.3410586693624,17
0.823102556169033,60.455925941467285,104.96641639429792,17
0.7687122371792794,60.455925941467285,4.4547283378843066,17
0.33358968526124955,60.455925941467285,10.545460204831123,17
0.442370323240757,57.468791007995605,59.09546606215296,17
0.8774928751587867,58.066217994689936,1.4119808544856542,17
0.442370323240757,59.26107196807861,44.3410586693624,17
0.442370323240757,59.26107196807861,10.545460204831123,17
0.49676064223051075,57.468791007995605,3.3425131190005715,17
0.442370323240757,59.26107196807861,5.937031167220405,17
0.49676064223051075,57.468791007995605,2.507985471454598,17
0.49676064223051075,58.66364498138428,2.507985471454598,17
0.5511509612202644,60.455925941467285,18.73103371019383,17
0.5511509612202644,59.26107196807861,78.75937593515485,17
0.7143219181895256,57.468791007995605,3.3425131190005715,17
0.5511509612202644,56.871364021301275,4.4547283378843066,17
0.49676064223051075,59.26107196807861,5.937031167220405,17
0.7143219181895256,57.468791007995605,18.73103371019383,17
0.9318831941485405,57.468791007995605,7.912567592682216,17
0.6055412802100182,57.468791007995605,3.3425131190005715,17
0.6055412802100182,59.858498954772955,5.937031167220405,17
0.6055412802100182,59.26107196807861,2.507985471454598,17
0.6599315991997718,60.455925941467285,14.054443090574567,17
0.6599315991997718,59.858498954772955,18.73103371019383,17
0.33358968526124955,50.897094154357916,1.0594505819264861,17
0.823102556169033,57.468791007995605,4.4547283378843066,17
0.823102556169033,58.066217994689936,104.96641639429792,17
1.3126154270768167,59.26107196807861,3.3425131190005715,17
1.4757863840460779,57.468791007995605,1.8818149401633706,16
0.7687122371792794,59.858498954772955,1.8818149401633706,16
0.6055412802100182,59.858498954772955,3.3425131190005715,16
0.6055412802100182,60.455925941467285,33.27039475163772,16
0.6055412802100182,59.858498954772955,18.73103371019383,16
0.5511509612202644,59.858498954772955,18.73103371019383,16
0.9318831941485405,57.468791007995605,4.4547283378843066,16
0.49676064223051075,59.858498954772955,3.3425131190005715,16
0.5511509612202644,58.066217994689936,2.507985471454598,16
0.7143219181895256,57.468791007995605,10.545460204831123,16
0.38798000425100326,56.27393703460693,33.27039475163772,16
0.8774928751587867,57.468791007995605,5.937031167220405,16
0.49676064223051075,55.079083061218256,10.545460204831123,16
0.49676064223051075,58.66364498138428,104.96641639429792,16
0.49676064223051075,59.26107196807861,18.73103371019383,16
0.38798000425100326,56.871364021301275,78.75937593515485,16
0.38798000425100326,59.858498954772955,4.4547283378843066,16
0.442370323240757,56.871364021301275,3.3425131190005715,16
0.38798000425100326,59.26107196807861,18.73103371019383,16
0.38798000425100326,59.858498954772955,18.73103371019383,16
0.7687122371792794,58.066217994689936,1.8818149401633706,16
0.823102556169033,61.053352928161615,44.3410586693624,16
0.38798000425100326,59.858498954772955,5.937031167220405,16
0.33358968526124955,55.6765100479126,1.4119808544856542,16
0.7143219181895256,60.455925941467285,104.96641639429792,16
0.38798000425100326,56.27393703460693,2.507985471454598,16
0.6599315991997718,56.871364021301275,24.963751433716485,15
0.8774928751587867,59.858498954772955,1.0594505819264861,15
0.6055412802100182,60.455925941467285,10.545460204831123,15
0.823102556169033,57.468791007995605,44.3410586693624,15
0.33358968526124955,55.079083061218256,0.7949367953386608,15
0.9318831941485405,57.468791007995605,18.73103371019383,15
0.49676064223051075,58.066217994689936,1.8818149401633706,15
0.49676064223051075,56.27393703460693,7.912567592682216,15
0.442370323240757,59.858498954772955,7.912567592682216,15
0.442370323240757,57.468791007995605,104.96641639429792,15
0.442370323240757,58.066217994689936,1.4119808544856542,15
0.442370323240757,58.66364498138428,104.96641639429792,15
0.38798000425100326,59.858498954772955,59.09546606215296,15
0.49676064223051075,52.68937511444092,14.054443090574567,15
0.442370323240757,56.871364021301275,5.937031167220405,15
0.823102556169033,61.053352928161615,24.963751433716485,15
0.442370323240757,56.27393703460693,24.963751433716485,15
0.823102556169033,61.053352928161615,5.937031167220405,15
0.33358968526124955,52.68937511444092,3.3425131190005715,15
0.442370323240757,57.468791007995605,78.75937593515485,15
0.442370323240757,58.066217994689936,104.96641639429792,15
0.6055412802100182,60.455925941467285,24.963751433716485,15
0.5511509612202644,59.858498954772955,7.912567592682216,15
0.33358968526124955,56.871364021301275,139.89380235481525,15
0.33358968526124955,60.455925941467285,5.937031167220405,15
0.5511509612202644,56.871364021301275,33.27039475163772,15
0.49676064223051075,60.455925941467285,33.27039475163772,15
0.49676064223051075,59.858498954772955,10.545460204831123,15
0.5511509612202644,56.871364021301275,7.912567592682216,15
0.5511509612202644,60.455925941467285,33.27039475163772,15
0.9318831941485405,57.468791007995605,2.507985471454598,15
0.33358968526124955,58.66364498138428,0.7949367953386608,15
0.6599315991997718,58.066217994689936,1.8818149401633706,15
0.6599315991997718,57.468791007995605,3.3425131190005715,15
0.33358968526124955,55.6765100479126,24.963751433716485,15
0.823102556169033,60.455925941467285,1.8818149401633706,15
0.823102556169033,57.468791007995605,7.912567592682216,15
0.38798000425100326,56.27393703460693,3.3425131190005715,15
0.27919936627149583,55.6765100479126,0.5964643555475893,15
0.38798000425100326,58.066217994689936,104.96641639429792,15
0.38798000425100326,59.26107196807861,78.75937593515485,15
0.27919936627149583,55.079083061218256,0.5964643555475893,15
0.27919936627149583,50.897094154357916,0.5964643555475893,14
0.33358968526124955,56.871364021301275,0.7949367953386608,14
0.6055412802100182,59.858498954772955,104.96641639429792,14
0.38798000425100326,56.27393703460693,44.3410586693624,14
0.8774928751587867,58.066217994689936,104.96641639429792,14
0.5511509612202644,58.066217994689936,1.8818149401633706,14
0.33358968526124955,60.455925941467285,59.09546606215296,14
0.7687122371792794,58.66364498138428,1.4119808544856542,14
0.6599315991997718,60.455925941467285,10.545460204831123,14
0.5511509612202644,59.858498954772955,3.3425131190005715,14
0.5511509612202644,59.858498954772955,10.545460204831123,14
0.7143219181895256,59.858498954772955,1.8818149401633706,14
0.442370323240757,59.858498954772955,4.4547283378843066,14
0.27919936627149583,52.68937511444092,7.912567592682216,14
0.9862735131382941,61.053352928161615,59.09546606215296,14
0.7687122371792794,57.468791007995605,59.09546606215296,14
0.7687122371792794,57.468791007995605,78.75937593515485,14
0.27919936627149583,57.468791007995605,0.5964643555475893,14
0.6599315991997718,59.26107196807861,2.507985471454598,14
0.8774928751587867,57.468791007995605,7.912567592682216,14
0.442370323240757,59.858498954772955,10.545460204831123,14
0.442370323240757,59.858498954772955,18.73103371019383,14
0.442370323240757,56.871364021301275,44.3410586693624,14
0.33358968526124955,60.455925941467285,4.4547283378843066,14
0.442370323240757,59.26107196807861,78.75937593515485,14
0.9318831941485405,59.858498954772955,139.89380235481525,14
0.49676064223051075,58.66364498138428,1.8818149401633706,14
0.6599315991997718,60.455925941467285,44.3410586693624,14
0.49676064223051075,59.26107196807861,78.75937593515485,14
0.9318831941485405,57.468791007995605,1.8818149401633706,14
0.5511509612202644,57.468791007995605,78.75937593515485,14
0.5511509612202644,59.858498954772955,104.96641639429792,13
0.49676064223051075,59.858498954772955,44.3410586693624,13
0.5511509612202644,56.871364021301275,44.3410586693624,13
0.7143219181895256,59.858498954772955,2.507985471454598,13
0.33358968526124955,57.468791007995605,0.7949367953386608,13
0.823102556169033,61.053352928161615,18.73103371019383,13
0.442370323240757,56.871364021301275,59.09546606215296,13
0.49676064223051075,59.26107196807861,44.3410586693624,13
0.49676064223051075,57.468791007995605,104.96641639429792,13
0.5511509612202644,60.455925941467285,14.054443090574567,13
0.6055412802100182,56.871364021301275,44.3410586693624,13
0.5511509612202644,58.66364498138428,1.4119808544856542,13
0.49676064223051075,59.858498954772955,7.912567592682216,13
0.6055412802100182,60.455925941467285,7.912567592682216,13
0.6599315991997718,60.455925941467285,4.4547283378843066,13
0.6599315991997718,58.066217994689936,2.507985471454598,13
0.6055412802100182,60.455925941467285,14.054443090574567,13
0.33358968526124955,56.871364021301275,0.5964643555475893,13
0.6599315991997718,56.871364021301275,4.4547283378843066,13
0.6599315991997718,60.455925941467285,59.09546606215296,13
0.823102556169033,60.455925941467285,1.4119808544856542,13
0.6055412802100182,59.858498954772955,59.09546606215296,13
0.6599315991997718,57.468791007995605,4.4547283378843066,13
0.6055412802100182,60.455925941467285,44.3410586693624,13
0.8774928751587867,61.053352928161615,3.3425131190005715,13
0.7687122371792794,61.053352928161615,14.054443090574567,13
0.823102556169033,59.858498954772955,1.4119808544856542,13
0.33358968526124955,55.079083061218256,7.912567592682216,13
0.27919936627149583,59.858498954772955,14.054443090574567,13
0.27919936627149583,51.494521141052246,4.4547283378843066,13
0.27919936627149583,52.091948127746576,7.912567592682216,13
0.33358968526124955,50.29966716766357,1.8818149401633706,13
0.8774928751587867,58.66364498138428,139.89380235481525,13
1.3126154270768167,58.066217994689936,2.507985471454598,13
0.38798000425100326,55.079083061218256,4.4547283378843066,13
0.442370323240757,56.27393703460693,44.3410586693624,13
0.38798000425100326,59.858498954772955,33.27039475163772,13
0.9862735131382941,61.053352928161615,1.0594505819264861,13
0.442370323240757,56.27393703460693,4.4547283378843066,13
0.442370323240757,56.27393703460693,10.545460204831123,13
0.7143219181895256,58.66364498138428,1.0594505819264861,13
0.442370323240757,59.858498954772955,59.09546606215296,13
0.7143219181895256,60.455925941467285,3.3425131190005715,13
0.7143219181895256,60.455925941467285,2.507985471454598,13
0.9318831941485405,61.053352928161615,0.7949367953386608,13
0.38798000425100326,55.6765100479126,10.545460204831123,13
0.9862735131382941,58.066217994689936,2.507985471454598,13
0.49676064223051075,58.066217994689936,104.96641639429792,13
0.7687122371792794,57.468791007995605,4.4547283378843066,13
0.7687122371792794,56.871364021301275,4.4547283378843066,12
0.8774928751587867,57.468791007995605,4.4547283378843066,12
0.49676064223051075,57.468791007995605,78.75937593515485,12
0.8774928751587867,57.468791007995605,14.054443090574567,12
0.8774928751587867,57.468791007995605,33.27039475163772,12
0.8774928751587867,58.066217994689936,1.0594505819264861,12
0.8774928751587867,57.468791007995605,10.545460204831123,12
0.442370323240757,56.27393703460693,33.27039475163772,12
0.442370323240757,55.079083061218256,4.4547283378843066,12
0.6599315991997718,59.858498954772955,104.96641639429792,12
0.33358968526124955,52.68937511444092,0.7949367953386608,12
0.7143219181895256,58.066217994689936,2.507985471454598,12
0.7143219181895256,56.871364021301275,7.912567592682216,12
0.33358968526124955,57.468791007995605,0.5964643555475893,12
0.5511509612202644,60.455925941467285,24.963751433716485,12
0.6055412802100182,56.27393703460693,7.912567592682216,12
0.6599315991997718,56.871364021301275,44.3410586693624,12
0.8774928751587867,61.053352928161615,59.09546606215296,12
0.6055412802100182,58.066217994689936,1.0594505819264861,12
0.823102556169033,59.26107196807861,0.7949367953386608,12
0.823102556169033,57.468791007995605,18.73103371019383,12
0.823102556169033,59.26107196807861,1.0594505819264861,12
0.823102556169033,58.066217994689936,1.0594505819264861,12
0.7687122371792794,61.053352928161615,33.27039475163772,12
0.6599315991997718,57.468791007995605,2.507985471454598,12
0.6055412802100182,57.468791007995605,78.75937593515485,12
0.8774928751587867,61.053352928161615,18.73103371019383,12
0.49676064223051075,59.858498954772955,59.09546606215296,12
0.5511509612202644,56.871364021301275,5.937031167220405,12
0.38798000425100326,56.871364021301275,1.8818149401633706,12
0.33358968526124955,60.455925941467285,3.3425131190005715,12
0.6055412802100182,55.6765100479126,4.4547283378843066,12
0.6055412802100182,56.27393703460693,24.963751433716485,12
0.6055412802100182,56.871364021301275,4.4547283378843066,12
0.442370323240757,59.858498954772955,3.3425131190005715,12
0.7143219181895256,61.053352928161615,33.27039475163772,12
0.442370323240757,60.455925941467285,10.545460204831123,12
0.38798000425100326,57.468791007995605,104.96641639429792,12
0.27919936627149583,59.26107196807861,1.8818149401633706,12
0.27919936627149583,52.68937511444092,0.7949367953386608,12
0.38798000425100326,59.858498954772955,24.963751433716485,12
0.33358968526124955,58.066217994689936,0.5964643555475893,12
0.6055412802100182,57.468791007995605,2.507985471454598,12
0.33358968526124955,53.28680210113525,1.0594505819264861,12
0.7687122371792794,57.468791007995605,3.3425131190005715,12
0.7687122371792794,58.066217994689936,1.4119808544856542,12
0.9318831941485405,61.053352928161615,1.0594505819264861,12
0.442370323240757,59.26107196807861,18.73103371019383,12
0.49676064223051075,60.455925941467285,5.937031167220405,11
0.9318831941485405,58.066217994689936,104.96641639429792,11
0.7143219181895256,58.066217994689936,1.4119808544856542,11
0.33358968526124955,60.455925941467285,44.3410586693624,11
0.33358968526124955,60.455925941467285,18.73103371019383,11
0.9318831941485405,56.871364021301275,7.912567592682216,11
0.5511509612202644,60.455925941467285,44.3410586693624,11
0.9318831941485405,56.871364021301275,0.7949367953386608,11
0.5511509612202644,58.066217994689936,1.0594505819264861,11
0.49676064223051075,59.858498954772955,5.937031167220405,11
0.49676064223051075,59.26107196807861,104.96641639429792,11
0.6055412802100182,60.455925941467285,4.4547283378843066,11
0.7687122371792794,59.858498954772955,1.4119808544856542,11
0.7687122371792794,60.455925941467285,1.0594505819264861,11
1.3126154270768167,59.26107196807861,4.4547283378843066,11
0.27919936627149583,51.494521141052246,0.7949367953386608,11
1.4757863840460779,59.26107196807861,18.73103371019383,11
0.823102556169033,57.468791007995605,5.937031167220405,11
0.33358968526124955,56.27393703460693,1.0594505819264861,11
0.6055412802100182,60.455925941467285,78.75937593515485,11
0.8774928751587867,60.455925941467285,1.0594505819264861,11
0.6055412802100182,59.26107196807861,1.8818149401633706,11
0.6599315991997718,58.066217994689936,1.4119808544856542,11
0.8774928751587867,61.053352928161615,2.507985471454598,11
0.7143219181895256,56.871364021301275,4.4547283378843066,11
0.9318831941485405,58.066217994689936,0.5964643555475893,11
0.33358968526124955,59.858498954772955,1.0594505819264861,11
0.7143219181895256,57.468791007995605,2.507985471454598,11
0.7143219181895256,57.468791007995605,59.09546606215296,11
0.49676064223051075,59.858498954772955,18.73103371019383,11
0.9862735131382941,58.066217994689936,7.912567592682216,11
0.7687122371792794,56.871364021301275,14.054443090574567,11
0.7687122371792794,56.871364021301275,10.545460204831123,11
0.49676064223051075,54.481656074523926,10.545460204831123,11
0.442370323240757,60.455925941467285,3.3425131190005715,11
0.49676064223051075,59.26107196807861,2.507985471454598,11
0.7143219181895256,58.66364498138428,1.4119808544856542,11
0.49676064223051075,56.871364021301275,44.3410586693624,11
0.49676064223051075,58.066217994689936,2.507985471454598,11
0.442370323240757,59.858498954772955,44.3410586693624,11
0.5511509612202644,56.27393703460693,7.912567592682216,11
0.442370323240757,59.858498954772955,5.937031167220405,11
0.49676064223051075,56.27393703460693,33.27039475163772,11
0.9862735131382941,58.066217994689936,0.5964643555475893,11
0.7687122371792794,58.066217994689936,1.0594505819264861,11
0.38798000425100326,59.26107196807861,2.507985471454598,11
0.38798000425100326,59.26107196807861,104.96641639429792,11
0.38798000425100326,57.468791007995605,1.8818149401633706,11
0.38798000425100326,60.455925941467285,33.27039475163772,11
0.823102556169033,61.053352928161615,3.3425131190005715,11
0.7687122371792794,57.468791007995605,2.507985471454598,11
0.9862735131382941,61.053352928161615,1.4119808544856542,11
0.27919936627149583,53.28680210113525,0.5964643555475893,11
0.27919936627149583,52.091948127746576,0.7949367953386608,11
0.27919936627149583,51.494521141052246,0.5964643555475893,11
0.33358968526124955,52.091948127746576,1.0594505819264861,11
0.33358968526124955,52.68937511444092,0.5964643555475893,11
0.33358968526124955,50.29966716766357,1.0594505819264861,11
0.27919936627149583,59.26107196807861,139.89380235481525,11
0.27919936627149583,59.858498954772955,18.73103371019383,10
0.6599315991997718,60.455925941467285,3.3425131190005715,10
0.6599315991997718,57.468791007995605,78.75937593515485,10
0.33358968526124955,55.6765100479126,1.0594505819264861,10
0.38798000425100326,60.455925941467285,10.545460204831123,10
0.38798000425100326,60.455925941467285,18.73103371019383,10
0.442370323240757,56.27393703460693,18.73103371019383,10
0.38798000425100326,58.66364498138428,104.96641639429792,10
0.38798000425100326,59.26107196807861,1.8818149401633706,10
0.38798000425100326,55.079083061218256,2.507985471454598,10
0.38798000425100326,55.6765100479126,1.8818149401633706,10
0.38798000425100326,55.6765100479126,7.912567592682216,10
0.442370323240757,58.066217994689936,1.0594505819264861,10
0.442370323240757,56.871364021301275,7.912567592682216,10
0.9318831941485405,61.65077991485596,33.27039475163772,10
0.442370323240757,59.858498954772955,78.75937593515485,10
0.442370323240757,59.26107196807861,4.4547283378843066,10
0.49676064223051075,56.871364021301275,5.937031167220405,10
0.49676064223051075,58.66364498138428,1.4119808544856542,10
0.49676064223051075,57.468791007995605,1.8818149401633706,10
0.442370323240757,60.455925941467285,14.054443090574567,10
0.7143219181895256,59.858498954772955,1.4119808544856542,10
0.5511509612202644,56.27393703460693,24.963751433716485,10
0.5511509612202644,57.468791007995605,2.507985471454598,10
0.33358968526124955,60.455925941467285,2.507985471454598,10
0.5511509612202644,60.455925941467285,1.8818149401633706,10
0.5511509612202644,60.455925941467285,7.912567592682216,10
0.5511509612202644,60.455925941467285,10.545460204831123,10
0.5511509612202644,58.066217994689936,104.96641639429792,10
0.9318831941485405,57.468791007995605,1.0594505819264861,10
0.6055412802100182,56.27393703460693,4.4547283378843066,10
0.6055412802100182,56.871364021301275,2.507985471454598,10
0.6599315991997718,60.455925941467285,18.73103371019383,10
0.6599315991997718,60.455925941467285,104.96641639429792,10
0.7143219181895256,56.27393703460693,14.054443090574567,10
0.7143219181895256,56.871364021301275,24.963751433716485,10
0.6055412802100182,60.455925941467285,18.73103371019383,10
0.6055412802100182,60.455925941467285,59.09546606215296,10
0.6055412802100182,58.66364498138428,1.4119808544856542,10
0.6599315991997718,56.871364021301275,10.545460204831123,10
0.6599315991997718,56.871364021301275,33.27039475163772,10
0.6599315991997718,57.468791007995605,1.8818149401633706,10
0.6055412802100182,60.455925941467285,5.937031167220405,10
0.823102556169033,57.468791007995605,3.3425131190005715,10
1.0950541511178016,58.066217994689936,4.4547283378843066,10
1.4757863840460779,58.066217994689936,1.0594505819264861,10
